-- phpMyAdmin SQL Dump
-- version 4.4.12
-- http://www.phpmyadmin.net
--
-- Host: 127.0.0.1
-- Generation Time: Dec 19, 2015 at 12:41 PM
-- Server version: 5.6.25
-- PHP Version: 5.6.11

SET SQL_MODE = "NO_AUTO_VALUE_ON_ZERO";
SET time_zone = "+00:00";


/*!40101 SET @OLD_CHARACTER_SET_CLIENT=@@CHARACTER_SET_CLIENT */;
/*!40101 SET @OLD_CHARACTER_SET_RESULTS=@@CHARACTER_SET_RESULTS */;
/*!40101 SET @OLD_COLLATION_CONNECTION=@@COLLATION_CONNECTION */;
/*!40101 SET NAMES utf8mb4 */;

--
-- Database: `collaborative_learning`
--

-- --------------------------------------------------------

--
-- Table structure for table `anggota`
--

CREATE TABLE IF NOT EXISTS `anggota` (
  `id_anggota` varchar(100) NOT NULL,
  `id_grup` varchar(20) NOT NULL,
  `id_user` varchar(15) NOT NULL,
  `id_jenis_anggota` varchar(5) NOT NULL,
  `tanggal_gabung` date NOT NULL,
  `status` tinyint(1) NOT NULL
) ENGINE=InnoDB DEFAULT CHARSET=latin1;

--
-- Dumping data for table `anggota`
--

INSERT INTO `anggota` (`id_anggota`, `id_grup`, `id_user`, `id_jenis_anggota`, `tanggal_gabung`, `status`) VALUES
('2015112008055722240209303886', '201511200805572224', '1103139507', 'JA03', '2015-11-27', 1),
('2015112008055722240220384406', '201511200805572224', '1103139515', 'JA02', '2015-11-25', 1),
('2015112008055722240220385862', '201511200805572224', '1103138505', 'JA03', '2015-11-25', 1),
('2015112008055722240220388417', '201511200805572224', '1103139508', 'JA01', '2015-11-25', 1),
('2015112008055722240809308817', '201511200805572224', '1103139518', 'JA03', '2015-11-27', 1),
('2015112008055722241216374292', '201511200805572224', '1103139500', 'JA03', '2015-11-28', 1),
('2015112319035198020801037009', '201511231903519802', '1103139515', 'JA02', '2015-12-16', 0),
('2015112319035198021016441149', '201511231903519802', '1103139508', 'JA01', '2015-11-25', 1),
('2015112319035198021016448908', '201511231903519802', '1103139527', 'JA03', '2015-11-25', 1),
('2015112319035198021016448997', '201511231903519802', '1103139538', 'JA03', '2015-11-25', 1),
('2015112514131259970213153978', '201511251413125997', '1103139515', 'JA02', '2015-11-25', 1),
('2015112514131259970213156681', '201511251413125997', '1103139508', 'JA01', '2015-11-25', 1),
('2015112514131259970538566205', '201511251413125997', '1103139496', 'JA03', '2015-11-27', 1),
('2015112514131259971138561735', '201511251413125997', '1103139495', 'JA03', '2015-11-27', 1),
('2015112713545025660225466083', '201511271354502566', '1103139519', 'JA03', '2015-11-27', 1),
('2015112713545025661225077461', '201511271354502566', '1103139517', 'JA02', '2015-11-27', 1),
('2015112713545025661236344140', '201511271354502566', '1103139515', 'JA01', '2015-11-27', 1),
('2015112713545025661252174588', '201511271354502566', '1103139501', 'JA03', '2015-11-27', 1),
('2015112718045418930824417209', '201511271804541893', '1103139515', 'JA02', '2015-12-15', 1),
('2015112718045418931223441848', '201511271804541893', '1103139508', 'JA01', '2015-11-27', 1),
('2015121704453996111046386328', '201512170445399611', '1103139515', 'JA01', '2015-12-17', 0),
('2015121704453996111046508057', '201512170445399611', '1103139498', 'JA03', '2015-12-17', 0);

-- --------------------------------------------------------

--
-- Table structure for table `anggota_chat`
--

CREATE TABLE IF NOT EXISTS `anggota_chat` (
  `id_anggota_chat` varchar(100) NOT NULL,
  `id_user` varchar(15) NOT NULL,
  `id_chat` varchar(100) NOT NULL
) ENGINE=InnoDB DEFAULT CHARSET=latin1;

--
-- Dumping data for table `anggota_chat`
--

INSERT INTO `anggota_chat` (`id_anggota_chat`, `id_user`, `id_chat`) VALUES
('0272015121906123220', '1103139507', '2262015121906123276'),
('0272015121906123240', '1103139518', '2262015121906123276'),
('0272015121906123294', '1103138505', '2262015121906123276'),
('0272015121906123295', '1103139515', '2262015121906123276'),
('0272015121906295972', '1103139515', '2262015121906295987'),
('0272015121906295974', '1103139508', '2262015121906295987'),
('0272015121906295978', '1103139518', '2262015121906295987');

-- --------------------------------------------------------

--
-- Table structure for table `anggota_post`
--

CREATE TABLE IF NOT EXISTS `anggota_post` (
  `id_anggota_post` varchar(100) NOT NULL,
  `id_post` varchar(100) NOT NULL,
  `id_anggota` varchar(100) NOT NULL
) ENGINE=InnoDB DEFAULT CHARSET=latin1;

--
-- Dumping data for table `anggota_post`
--

INSERT INTO `anggota_post` (`id_anggota_post`, `id_post`, `id_anggota`) VALUES
('02229154052951', '001201511291540541', '2015112008055722240220385862'),
('201511290343471555', '0012015112915434593', '2015112008055722240220385862'),
('201511290343478845', '0012015112915434593', '2015112008055722240809308817'),
('201512010104445631', '00120151211344322', '2015112008055722240809308817'),
('201512010104449760', '00120151211344322', '2015112008055722241216374292'),
('201512010112004406', '001201512113115962', '2015112008055722240220385862'),
('201512010112008417', '001201512113115962', '2015112008055722240209303886'),
('201512010320051897', '00120151211520389', '2015112008055722240220385862'),
('201512010320055855', '00120151211520389', '2015112008055722240209303886'),
('201512010331461426', '001201512115314558', '2015112008055722241216374292'),
('201512010331465136', '001201512115314558', '2015112008055722240809308817'),
('201512011149545773', '0012015112917122516', '2015112008055722241216374292'),
('201512011149546629', '0012015112917122516', '2015112008055722240209303886'),
('201512011243259135', '0012015112915335664', '2015112008055722241216374292'),
('201512011243259150', '0012015112915335664', '2015112008055722240209303886'),
('201512020814222194', '0012015122893861', '2015112008055722241216374292'),
('201512020814222780', '0012015122893861', '2015112008055722240220385862'),
('201512020843545632', '00120151228433884', '2015112008055722240220385862'),
('201512020843546275', '00120151228433884', '2015112008055722241216374292'),
('201512060957161566', '001201512060957153408', '2015112008055722240809308817'),
('201512060957162788', '001201512060957153408', '2015112008055722240209303886'),
('201512141043562224', '001201512142243554037', '2015112008055722240209303886'),
('201512141043566612', '001201512142243554037', '2015112008055722241216374292'),
('201512141043568196', '001201512142243554037', '2015112008055722240220385862'),
('201512141043569927', '001201512142243554037', '2015112008055722240809308817'),
('201512151236144783', '001201512151236139845', '2015112008055722240809308817'),
('201512151236145286', '001201512151236139845', '2015112008055722240220385862'),
('201512161016533091', '001201512161016529239', '2015112008055722241216374292'),
('201512161016533979', '001201512161016529239', '2015112008055722240209303886'),
('201512161016534928', '001201512161016529239', '2015112008055722240809308817'),
('201512161016539655', '001201512161016529239', '2015112008055722240220385862'),
('201512170452401474', '001201512170452393773', '2015121704453996111046508057'),
('201512170539207751', '001201512170539197341', '2015121704453996111046508057'),
('201512170541457415', '001201512170541448211', '2015121704453996111046508057');

-- --------------------------------------------------------

--
-- Table structure for table `chat`
--

CREATE TABLE IF NOT EXISTS `chat` (
  `id_chat` varchar(100) NOT NULL,
  `tanggal_mulai` date NOT NULL
) ENGINE=InnoDB DEFAULT CHARSET=latin1;

--
-- Dumping data for table `chat`
--

INSERT INTO `chat` (`id_chat`, `tanggal_mulai`) VALUES
('2262015121906123276', '2015-12-19'),
('2262015121906295987', '2015-12-19');

-- --------------------------------------------------------

--
-- Table structure for table `comment_post`
--

CREATE TABLE IF NOT EXISTS `comment_post` (
  `id_comment_post` varchar(100) NOT NULL,
  `id_anggota` varchar(100) NOT NULL,
  `id_post` varchar(100) NOT NULL,
  `isi_comment` text NOT NULL,
  `src_file` text,
  `tanggal_comment` datetime NOT NULL
) ENGINE=InnoDB DEFAULT CHARSET=latin1;

--
-- Dumping data for table `comment_post`
--

INSERT INTO `comment_post` (`id_comment_post`, `id_anggota`, `id_post`, `isi_comment`, `src_file`, `tanggal_comment`) VALUES
('0022015112820425646', '2015112008055722240220385862', '0012015112820291215', 'Wonderfull!', NULL, '2015-11-28 20:42:56'),
('0022015112820434760', '2015112008055722240220385862', '0012015112820291215', 'What about this?', 'assets/images/MuseLog.txt', '2015-11-28 20:43:47'),
('0022015112901564535', '2015112008055722240220385862', '00120151129155189', 'Wonderfull!', NULL, '2015-11-29 01:56:45'),
('0022015120110132534', '2015112008055722240220385862', '00120151129734029', 'test', NULL, '2015-12-01 10:13:25'),
('0022015120110143721', '2015112008055722240220385862', '0012015112973020', 'Test', NULL, '2015-12-01 10:14:37'),
('0022015120110143873', '2015112008055722240220385862', '0012015112973020', 'Test', NULL, '2015-12-01 10:14:38'),
('0022015120110164643', '2015112008055722240220385862', '001201511291582119', 'a', NULL, '2015-12-01 10:16:46'),
('0022015120110164657', '2015112008055722240220385862', '001201511291582119', 'a', NULL, '2015-12-01 10:16:46'),
('0022015120110403529', '2015112008055722240220385862', '00120151129734029', 'jja', NULL, '2015-12-01 10:40:35'),
('0022015120111453032', '2015112008055722240220385862', '00120151129734029', 'jeruk', NULL, '2015-12-01 11:45:30'),
('0022015120111515012', '2015112008055722240220385862', '00120151211023273', 'hello', NULL, '2015-12-01 11:51:50'),
('0022015120112521318', '2015112008055722240220385862', '001201512112461663', 'wonderfull', NULL, '2015-12-01 12:52:13'),
('0022015120112523192', '2015112008055722240220385862', '001201512112461663', 'Amazing', NULL, '2015-12-01 12:52:31'),
('0022015120114584341', '2015112008055722240220385862', '001201512114574582', 'hello too', NULL, '2015-12-01 14:58:43'),
('0022015120114590722', '2015112008055722240220385862', '001201512114574582', 'are you sure?', NULL, '2015-12-01 14:59:07'),
('0022015120115015069', '2015112008055722240220385862', '00120151211514487', 'WOw', NULL, '2015-12-01 15:01:50'),
('0022015120116044121', '2015112008055722240220385862', '001201512115314558', 'Wonderfull!', NULL, '2015-12-01 16:04:41'),
('0022015120116050150', '2015112008055722240220385862', '001201512115314558', 'OMG', NULL, '2015-12-01 16:05:01'),
('0022015120609593356', '2015112008055722240220388417', '00120151211514487', 'Test', NULL, '2015-12-06 09:59:33'),
('0022015120610123625', '2015112008055722240220388417', '00120151228433884', 'Look at this ', 'assets/images/chino_zara.jpg', '2015-12-06 10:12:36'),
('0022015120613292530', '2015112008055722240209303886', '001201512112461663', 'Rawwr!\r\n', NULL, '2015-12-06 13:29:25'),
('0022015120613330812', '2015112008055722240209303886', '001201511291582119', 'What were you doing?', NULL, '2015-12-06 13:33:08'),
('0022015121305363031', '2015112008055722240220384406', '001201512042059104459', 'Wonderfull!', NULL, '2015-12-13 05:36:30'),
('0022015121305400826', '2015112008055722240220384406', '001201512042059104459', 'wow', NULL, '2015-12-13 05:40:08'),
('0022015121305402681', '2015112008055722240220384406', '001201511291492346', 'Amazing', NULL, '2015-12-13 05:40:26'),
('0022015121305421244', '2015112008055722240220384406', '001201511291544216', 'testing', NULL, '2015-12-13 05:42:12'),
('0022015121305501274', '2015112008055722240220384406', '001201511291544216', 'Wonderfull!', NULL, '2015-12-13 05:50:12'),
('0022015121306082343', '2015112008055722240220384406', '001201512130554015955', 'Yeaahh!', NULL, '2015-12-13 06:08:23'),
('0022015121306123337', '2015112008055722240220384406', '001201512130554015955', 'wwwoooooow!', NULL, '2015-12-13 06:12:33'),
('0022015121510065944', '2015112008055722240809308817', '001201512150937317765', 'Wonderfull!', NULL, '2015-12-15 10:06:59'),
('0022015121510161697', '2015112008055722240220385862', '001201512151006489668', 'hello', NULL, '2015-12-15 10:16:16'),
('0022015121510171716', '2015112008055722240220385862', '001201512151006489668', 'yeah', NULL, '2015-12-15 10:17:17'),
('0022015121510181493', '2015112008055722240220385862', '001201512151006489668', 'wow', NULL, '2015-12-15 10:18:14'),
('0022015121510200980', '2015112008055722240220385862', '001201512151006489668', 'yeah', NULL, '2015-12-15 10:20:09'),
('0022015121510212046', '2015112008055722240220384406', '001201512151006489668', 'What do you feel?', NULL, '2015-12-15 10:21:20'),
('0022015121510360280', '2015112008055722240220384406', '001201512151006489668', 'yeah', NULL, '2015-12-15 10:36:02'),
('0022015121510361642', '2015112008055722240220384406', '001201512151006489668', 'All right!', NULL, '2015-12-15 10:36:16'),
('0022015121510371474', '2015112008055722240220384406', '001201512150937317765', 'What do you mean?', NULL, '2015-12-15 10:37:14'),
('0022015121510372424', '2015112008055722240220384406', '001201512150935583410', 'Hello too', NULL, '2015-12-15 10:37:24'),
('0022015121510412317', '2015112008055722240220385862', '001201512151006489668', 'Yeah', NULL, '2015-12-15 10:41:23'),
('0022015121510413027', '2015112008055722240220385862', '001201512150937317765', 'nnnnn', NULL, '2015-12-15 10:41:30'),
('0022015121510565416', '2015112008055722240809308817', '001201512150935583410', 'Hello', NULL, '2015-12-15 10:56:54'),
('0022015121510570661', '2015112008055722240809308817', '001201512150911543128', 'What do you mean?', NULL, '2015-12-15 10:57:06'),
('0022015121510575035', '2015112008055722240220385862', '001201512150911543128', 'wow', NULL, '2015-12-15 10:57:50'),
('0022015121511014966', '2015112008055722240220385862', '0012015112820285580', 'hello', NULL, '2015-12-15 11:01:49'),
('0022015121511144186', '2015112008055722240220385862', '001201512151006489668', 'hello', NULL, '2015-12-15 11:14:41'),
('0022015121511145023', '2015112008055722240220385862', '001201512150937317765', 'wow', NULL, '2015-12-15 11:14:50'),
('0022015121511154151', '2015112008055722240220384406', '001201512150937317765', 'okeh', NULL, '2015-12-15 11:15:41'),
('0022015121511183132', '2015112008055722240220384406', '001201512150937317765', 'h', NULL, '2015-12-15 11:18:31'),
('0022015121511281614', '2015112008055722240220384406', '001201512150937317765', 'tettt', NULL, '2015-12-15 11:28:16'),
('0022015121511282666', '2015112008055722240220384406', '001201512151006489668', 'ppp', NULL, '2015-12-15 11:28:26'),
('0022015121511295141', '2015112008055722240809308817', '001201512150937317765', 'hh', NULL, '2015-12-15 11:29:51'),
('0022015121512364426', '2015112008055722240809308817', '001201512151235193086', 'All right!', NULL, '2015-12-15 12:36:44'),
('0022015121512370639', '2015112008055722240809308817', '001201511291492346', 'yeah', NULL, '2015-12-15 12:37:06'),
('0022015121512440384', '2015112008055722240809308817', '001201512150938228765', 'Don''t say like that', NULL, '2015-12-15 12:44:03'),
('0022015121512442662', '2015112008055722240809308817', '001201512150938114037', 'Hello Too', NULL, '2015-12-15 12:44:26'),
('0022015121610271248', '2015112008055722240220385862', '001201512151947395715', 'wonderful', 'assets/images/custom.js', '2015-12-16 10:27:12'),
('0022015121610285378', '2015112008055722240220385862', '001201512151236139845', 'yeah', 'assets/images/app.min.js', '2015-12-16 10:28:53'),
('0022015121808260486', '2015112008055722240220385862', '001201512161413414679', '', 'assets/images/PA20C_Template_Proposal_Prodi_MI_ver_Tel-U.docx', '2015-12-18 08:26:04'),
('0022015121808594526', '2015112008055722240220384406', '001201512150938228765', '', 'assets/images/chino_zara.jpg', '2015-12-18 08:59:45'),
('0022015121809050589', '2015112008055722240220384406', '001201512161015577731', 'Rrr', 'assets/images/6810020_20151008070036.jpg', '2015-12-18 09:05:05'),
('0022015121815560341', '2015112319035198021016448908', '001201512181450198992', 'hello', NULL, '2015-12-18 15:56:03');

-- --------------------------------------------------------

--
-- Table structure for table `content_chat`
--

CREATE TABLE IF NOT EXISTS `content_chat` (
  `id_content_chat` varchar(100) NOT NULL,
  `isi_content_chat` text NOT NULL,
  `tanggal_content_chat` datetime NOT NULL,
  `id_anggota_chat` varchar(100) NOT NULL
) ENGINE=InnoDB DEFAULT CHARSET=latin1;

--
-- Dumping data for table `content_chat`
--

INSERT INTO `content_chat` (`id_content_chat`, `isi_content_chat`, `tanggal_content_chat`, `id_anggota_chat`) VALUES
('0282015121906123288', 'Hello World!', '2015-12-19 06:12:33', '0272015121906123295'),
('0282015121906123732', 'Test', '2015-12-19 06:12:37', '0272015121906123295'),
('0282015121906130062', 'ssss', '2015-12-19 06:13:00', '0272015121906123295'),
('0282015121906204153', 'Hello', '2015-12-19 06:20:41', '0272015121906123295'),
('0282015121906211171', 'hello', '2015-12-19 06:21:11', '0272015121906123295'),
('0282015121906295978', 'Greating!', '2015-12-19 06:29:59', '0272015121906295972'),
('0282015121906302139', 'Brrrr', '2015-12-19 06:30:21', '0272015121906295972'),
('0282015121907142013', 'yes?', '2015-12-19 07:14:20', '0272015121906123294'),
('0282015121908163975', 'Ready sir', '2015-12-19 08:16:39', '0272015121906123220'),
('0282015121908170076', 'What can i help?', '2015-12-19 08:17:00', '0272015121906123220'),
('0282015121908480559', 'What happened?', '2015-12-19 08:48:05', '0272015121906123240'),
('0282015121908484038', 'At least you know what do you did', '2015-12-19 08:48:40', '0272015121906295978'),
('0282015121909353460', 'yeah', '2015-12-19 09:35:34', '0272015121906295972'),
('0282015121909364971', 'nevermind, i was just checking', '2015-12-19 09:36:49', '0272015121906123295');

-- --------------------------------------------------------

--
-- Table structure for table `content_notification`
--

CREATE TABLE IF NOT EXISTS `content_notification` (
  `id_content_notification` varchar(100) NOT NULL,
  `isi_content_notification` text NOT NULL
) ENGINE=InnoDB DEFAULT CHARSET=latin1;

--
-- Dumping data for table `content_notification`
--

INSERT INTO `content_notification` (`id_content_notification`, `isi_content_notification`) VALUES
('CN001', 'Mengirimkan sesuatu di halaman discussion pada grup'),
('CN002', 'Mengirimkan sesuatu di halaman progress pada grup'),
('CN003', 'Mengirimkan sesuatu di halaman schedule pada grup'),
('CN004', 'Mengomentari kiriman di discussion'),
('CN005', 'Mengomentari kiriman di progress'),
('CN006', 'Menambahkan anggota baru ke grup\r\n');

-- --------------------------------------------------------

--
-- Table structure for table `grup`
--

CREATE TABLE IF NOT EXISTS `grup` (
  `id_grup` varchar(20) NOT NULL,
  `nama_grup` varchar(50) NOT NULL,
  `tanggal_buat` date NOT NULL,
  `src_image` varchar(100) DEFAULT NULL,
  `status` tinyint(1) NOT NULL
) ENGINE=InnoDB DEFAULT CHARSET=latin1;

--
-- Dumping data for table `grup`
--

INSERT INTO `grup` (`id_grup`, `nama_grup`, `tanggal_buat`, `src_image`, `status`) VALUES
('201511200805572224', 'Hello', '2015-11-20', 'assets/images/201511200805572224.jpg', 1),
('201511231903519802', 'Native', '2015-11-27', NULL, 1),
('201511251413125997', 'Inagurasi', '2015-11-25', NULL, 1),
('201511271354502566', 'Rain', '2015-11-27', NULL, 1),
('201511271804541893', 'Meteora', '2015-11-27', 'assets/images/201511271804541893.jpg', 1),
('201512170445399611', 'Avenger', '2015-12-17', NULL, 1);

-- --------------------------------------------------------

--
-- Table structure for table `jenis_anggota`
--

CREATE TABLE IF NOT EXISTS `jenis_anggota` (
  `id_jenis_anggota` varchar(5) NOT NULL,
  `id_jenis_user` varchar(5) NOT NULL,
  `keterangan_jenis_anggota` varchar(20) NOT NULL
) ENGINE=InnoDB DEFAULT CHARSET=latin1;

--
-- Dumping data for table `jenis_anggota`
--

INSERT INTO `jenis_anggota` (`id_jenis_anggota`, `id_jenis_user`, `keterangan_jenis_anggota`) VALUES
('JA01', '11333', 'Pembimbing 1'),
('JA02', '11333', 'Pembimbing 2'),
('JA03', '22555', 'Anggota'),
('JA04', '11333', 'Pembimbing 3');

-- --------------------------------------------------------

--
-- Table structure for table `jenis_post`
--

CREATE TABLE IF NOT EXISTS `jenis_post` (
  `id_jenis_post` varchar(5) NOT NULL,
  `keterangan_jenis_post` varchar(10) NOT NULL
) ENGINE=InnoDB DEFAULT CHARSET=latin1;

--
-- Dumping data for table `jenis_post`
--

INSERT INTO `jenis_post` (`id_jenis_post`, `keterangan_jenis_post`) VALUES
('P1111', 'Post'),
('P1112', 'Progress');

-- --------------------------------------------------------

--
-- Table structure for table `jenis_user`
--

CREATE TABLE IF NOT EXISTS `jenis_user` (
  `id_jenis_user` varchar(5) NOT NULL,
  `keterangan_jenis_user` varchar(20) NOT NULL
) ENGINE=InnoDB DEFAULT CHARSET=latin1;

--
-- Dumping data for table `jenis_user`
--

INSERT INTO `jenis_user` (`id_jenis_user`, `keterangan_jenis_user`) VALUES
('00000', 'Admin'),
('11333', 'Dosen'),
('22555', 'Mahasiswa');

-- --------------------------------------------------------

--
-- Table structure for table `notifikasi`
--

CREATE TABLE IF NOT EXISTS `notifikasi` (
  `id_notifikasi` varchar(100) NOT NULL,
  `id_user` varchar(15) NOT NULL,
  `id_grup` varchar(20) NOT NULL,
  `id_content_notification` varchar(100) NOT NULL,
  `url` text,
  `tanggal_notifikasi` datetime NOT NULL
) ENGINE=InnoDB DEFAULT CHARSET=latin1;

--
-- Dumping data for table `notifikasi`
--

INSERT INTO `notifikasi` (`id_notifikasi`, `id_user`, `id_grup`, `id_content_notification`, `url`, `tanggal_notifikasi`) VALUES
('029150935595048', '1103139515', '201511200805572224', 'CN001', '/CollaborativeLearning/search/search_post?id_post=001201512150935583410&id_grup=201511200805572224', '2015-12-15 09:35:59'),
('029150937316974', '1103139515', '201511200805572224', 'CN001', '/CollaborativeLearning/search/search_post?id_post=001201512150937317765&id_grup=201511200805572224', '2015-12-15 09:37:31'),
('029150938128662', '1103139515', '201511200805572224', 'CN002', '/CollaborativeLearning/search/search_post?id_post=001201512150938114037&id_grup=201511200805572224', '2015-12-15 09:38:12'),
('029150938236348', '1103139515', '201511200805572224', 'CN002', '/CollaborativeLearning/search/search_post?id_post=001201512150938228765&id_grup=201511200805572224', '2015-12-15 09:38:23'),
('029150940588564', '1103139515', '201511200805572224', 'CN003', '/CollaborativeLearning/schedule/index?id_grup=201511200805572224', '2015-12-15 09:40:58'),
('029150941459382', '1103139515', '201511200805572224', 'CN003', '/CollaborativeLearning/schedule/index?id_grup=201511200805572224', '2015-12-15 09:41:45'),
('029151006497043', '1103139518', '201511200805572224', 'CN001', '/CollaborativeLearning/search/search_post?id_post=001201512151006489668&id_grup=201511200805572224', '2015-12-15 10:06:49'),
('029151020149777', '1103138505', '201511200805572224', 'CN004', '/CollaborativeLearning/search/search_post?id_post=001201512151006489668&id_grup=201511200805572224', '2015-12-15 10:20:14'),
('029151021225947', '1103139515', '00120151215100648966', 'CN004', '/CollaborativeLearning/search/search_post?id_post=001201512151006489668&id_grup=001201512151006489668&id_grup', '2015-12-15 10:21:22'),
('029151037141518', '1103139515', '201511200805572224', 'CN004', '/CollaborativeLearning/search/search_post?id_post=001201512151006489668&id_grup=201511200805572224', '2015-12-15 10:37:14'),
('029151037248926', '1103139515', '201511200805572224', 'CN004', '/CollaborativeLearning/search/search_post?id_post=001201512151006489668&id_grup=201511200805572224', '2015-12-15 10:37:24'),
('029151041233655', '1103138505', '201511200805572224', 'CN004', '/CollaborativeLearning/search/search_post?id_post=001201512151006489668&id_grup=201511200805572224', '2015-12-15 10:41:23'),
('029151041308205', '1103138505', '201511200805572224', 'CN004', '/CollaborativeLearning/search/search_post?id_post=001201512151006489668&id_grup=201511200805572224', '2015-12-15 10:41:30'),
('029151056545936', '1103139518', '201511200805572224', 'CN004', '/CollaborativeLearning/search/search_post?id_post=001201512150935583410&id_grup=201511200805572224', '2015-12-15 10:56:54'),
('029151057065783', '1103139518', '201511200805572224', 'CN004', '/CollaborativeLearning/search/search_post?id_post=001201512150911543128&id_grup=201511200805572224', '2015-12-15 10:57:06'),
('029151057506474', '1103138505', '00120151215091154312', 'CN004', '/CollaborativeLearning/search/search_post?id_post=001201512150911543128&id_grup=201511200805572224', '2015-12-15 10:57:50'),
('029151101498926', '1103138505', '0012015112820285580&', 'CN004', '/CollaborativeLearning/search/search_post?id_post=0012015112820285580&id_grup=201511200805572224', '2015-12-15 11:01:49'),
('029151114428097', '1103138505', '201511200805572224', 'CN004', '/CollaborativeLearning/search/search_post?id_post=001201512151006489668&id_grup=201511200805572224', '2015-12-15 11:14:42'),
('029151114517135', '1103138505', '201511200805572224', 'CN004', '/CollaborativeLearning/search/search_post?id_post=001201512150937317765&id_grup=201511200805572224', '2015-12-15 11:14:51'),
('029151115411172', '1103139515', '00120151215093731776', 'CN004', '/CollaborativeLearning/search/search_post?id_post=001201512150937317765&id_grup=201511200805572224', '2015-12-15 11:15:41'),
('029151118316609', '1103139515', '00120151215093731776', 'CN004', '/CollaborativeLearning/search/search_post?id_post=001201512150937317765&id_grup=201511200805572224', '2015-12-15 11:18:31'),
('029151128177088', '1103139515', '201511200805572224', 'CN004', '/CollaborativeLearning/search/search_post?id_post=001201512150937317765&id_grup=201511200805572224', '2015-12-15 11:28:17'),
('029151128275820', '1103139515', '201511200805572224', 'CN004', '/CollaborativeLearning/search/search_post?id_post=001201512151006489668&id_grup=201511200805572224', '2015-12-15 11:28:27'),
('029151129512359', '1103139518', '201511200805572224', 'CN004', '/CollaborativeLearning/search/search_post?id_post=001201512150937317765&id_grup=201511200805572224', '2015-12-15 11:29:51'),
('029151235214248', '1103139518', '201511200805572224', 'CN001', '/CollaborativeLearning/search/search_post?id_post=001201512151235193086&id_grup=201511200805572224', '2015-12-15 12:35:21'),
('029151236146194', '1103139518', '201511200805572224', 'CN002', '/CollaborativeLearning/search/search_post?id_post=001201512151236139845&id_grup=201511200805572224', '2015-12-15 12:36:14'),
('029151236459196', '1103139518', '201511200805572224', 'CN004', '/CollaborativeLearning/search/search_post?id_post=001201512151235193086&id_grup=201511200805572224', '2015-12-15 12:36:45'),
('029151237068955', '1103139518', '201511200805572224', 'CN004', '/CollaborativeLearning/search/search_post?id_post=001201511291492346&id_grup=201511200805572224', '2015-12-15 12:37:06'),
('029151244044225', '1103139518', '201511200805572224', 'CN005', '/CollaborativeLearning/search/search_post?id_post=001201512150938228765&id_grup=201511200805572224', '2015-12-15 12:44:04'),
('029151244277284', '1103139518', '201511200805572224', 'CN005', '/CollaborativeLearning/search/search_post?id_post=001201512150938114037&id_grup=201511200805572224', '2015-12-15 12:44:27'),
('029151947392007', '1103139515', '201511200805572224', 'CN001', '/CollaborativeLearning/search/search_post?id_post=001201512151947395715&id_grup=201511200805572224', '2015-12-15 19:47:39'),
('029151947419154', '1103139515', '201511251413125997', 'CN001', '/CollaborativeLearning/search/search_post?id_post=001201512151947403120&id_grup=201511251413125997', '2015-12-15 19:47:41'),
('029151947424249', '1103139515', '201511271354502566', 'CN001', '/CollaborativeLearning/search/search_post?id_post=001201512151947422001&id_grup=201511271354502566', '2015-12-15 19:47:42'),
('029151947432660', '1103139515', '201511271804541893', 'CN001', '/CollaborativeLearning/search/search_post?id_post=001201512151947431491&id_grup=201511271804541893', '2015-12-15 19:47:43'),
('029151953102279', '1103139515', '201511200805572224', 'CN003', '/CollaborativeLearning/schedule/index?id_grup=201511200805572224', '2015-12-15 19:53:10'),
('029151953127597', '1103139515', '201511251413125997', 'CN003', '/CollaborativeLearning/schedule/index?id_grup=201511251413125997', '2015-12-15 19:53:12'),
('029151953135890', '1103139515', '201511271354502566', 'CN003', '/CollaborativeLearning/schedule/index?id_grup=201511271354502566', '2015-12-15 19:53:13'),
('029151953144934', '1103139515', '201511271804541893', 'CN003', '/CollaborativeLearning/schedule/index?id_grup=201511271804541893', '2015-12-15 19:53:14'),
('029160945534909', '1103138505', '201511200805572224', 'CN005', '/CollaborativeLearning/search/search_post?id_post=001201512151236139845&id_grup=201511200805572224', '2015-12-16 09:45:53'),
('029161015579160', '1103139515', '201511200805572224', 'CN001', '/CollaborativeLearning/search/search_post?id_post=001201512161015577731&id_grup=201511200805572224', '2015-12-16 10:15:57'),
('029161016549607', '1103138505', '201511200805572224', 'CN002', '/CollaborativeLearning/search/search_post?id_post=001201512161016529239&id_grup=201511200805572224', '2015-12-16 10:16:54'),
('029161027139710', '1103138505', '201511200805572224', 'CN004', '/CollaborativeLearning/search/search_post?id_post=001201512151947395715&id_grup=201511200805572224', '2015-12-16 10:27:13'),
('029161028534879', '1103138505', '201511200805572224', 'CN005', '/CollaborativeLearning/search/search_post?id_post=001201512151236139845&id_grup=201511200805572224', '2015-12-16 10:28:53'),
('029161413427518', '1103139515', '201511200805572224', 'CN001', '/CollaborativeLearning/search/search_post?id_post=001201512161413414679&id_grup=201511200805572224', '2015-12-16 14:13:42'),
('029170514587842', '1103139498', '201512170445399611', 'CN001', '/CollaborativeLearning/search/search_post?id_post=001201512170514563518&id_grup=201512170445399611', '2015-12-17 05:14:58'),
('029170517322337', '1103139498', '201512170445399611', 'CN001', '/CollaborativeLearning/search/search_post?id_post=001201512170517317648&id_grup=201512170445399611', '2015-12-17 05:17:32'),
('029170539202386', '1103139498', '201512170445399611', 'CN002', '/CollaborativeLearning/search/search_post?id_post=001201512170539197341&id_grup=201512170445399611', '2015-12-17 05:39:20'),
('029170541452956', '1103139498', '201512170445399611', 'CN002', '/CollaborativeLearning/search/search_post?id_post=001201512170541448211&id_grup=201512170445399611', '2015-12-17 05:41:45'),
('029171752598457', '1103139515', '201512170445399611', 'CN001', '/CollaborativeLearning/search/search_post?id_post=001201512171752581439&id_grup=201512170445399611', '2015-12-17 17:52:59'),
('029171753013633', '1103139515', '201511200805572224', 'CN001', '/CollaborativeLearning/search/search_post?id_post=001201512171753008713&id_grup=201511200805572224', '2015-12-17 17:53:01'),
('029180826052753', '1103138505', '201511200805572224', 'CN004', '/CollaborativeLearning/search/search_post?id_post=001201512161413414679&id_grup=201511200805572224', '2015-12-18 08:26:05'),
('029180851582373', '1103139515', '201511200805572224', 'CN005', '/CollaborativeLearning/search/search_post?id_post=001201512150938114037&id_grup=201511200805572224', '2015-12-18 08:51:58'),
('029180859465699', '1103139515', '201511200805572224', 'CN005', '/CollaborativeLearning/search/search_post?id_post=001201512150938228765&id_grup=201511200805572224', '2015-12-18 08:59:46'),
('029180905066252', '1103139515', '201511200805572224', 'CN004', '/CollaborativeLearning/search/search_post?id_post=001201512161015577731&id_grup=201511200805572224', '2015-12-18 09:05:06'),
('029181048351821', '1103139515', '201511231903519802', 'CN003', '/CollaborativeLearning/schedule/index?id_grup=201511231903519802', '2015-12-18 10:48:35'),
('029181048358382', '1103139515', '201512170445399611', 'CN003', '/CollaborativeLearning/schedule/index?id_grup=201512170445399611', '2015-12-18 10:48:35'),
('029181048372516', '1103139515', '201511200805572224', 'CN003', '/CollaborativeLearning/schedule/index?id_grup=201511200805572224', '2015-12-18 10:48:37'),
('029181050121864', '1103139515', '201511200805572224', 'CN003', '/CollaborativeLearning/schedule/index?id_grup=201511200805572224', '2015-12-18 10:50:12'),
('029181050521766', '1103139515', '201511231903519802', 'CN003', '/CollaborativeLearning/schedule/index?id_grup=201511231903519802', '2015-12-18 10:50:52'),
('029181052427500', '1103139515', '201512170445399611', 'CN003', '/CollaborativeLearning/schedule/index?id_grup=201512170445399611', '2015-12-18 10:52:42'),
('029181057069875', '1103139515', '201511200805572224', 'CN003', '/CollaborativeLearning/schedule/index?id_grup=201511200805572224', '2015-12-18 10:57:06'),
('029181303568569', '1103139515', '201512170445399611', 'CN003', '/CollaborativeLearning/schedule/index?id_grup=201512170445399611', '2015-12-18 13:03:56'),
('029181303572744', '1103139515', '201511200805572224', 'CN003', '/CollaborativeLearning/schedule/index?id_grup=201511200805572224', '2015-12-18 13:03:57'),
('029181321473422', '1103139515', '201512170445399611', 'CN003', '/CollaborativeLearning/schedule/index?id_grup=201512170445399611', '2015-12-18 13:21:47'),
('029181321485706', '1103139515', '201511251413125997', 'CN003', '/CollaborativeLearning/schedule/index?id_grup=201511251413125997', '2015-12-18 13:21:48'),
('029181326174481', '1103139515', 'undefined', 'CN003', '/CollaborativeLearning/schedule/index?id_grup=201512170445399611', '2015-12-18 13:26:17'),
('029181327316136', '1103139515', 'undefined', 'CN003', '/CollaborativeLearning/schedule/index?id_grup=201512170445399611', '2015-12-18 13:27:31'),
('029181335274881', '1103139515', '201512170445399611', 'CN003', '/CollaborativeLearning/schedule/index?id_grup=201512170445399611', '2015-12-18 13:35:27'),
('029181411406461', '1103139515', '201511271804541893', 'CN001', '/CollaborativeLearning/search/search_post?id_post=001201512181411392594&id_grup=201511271804541893', '2015-12-18 14:11:40'),
('029181412188623', '1103139515', '201511271804541893', 'CN001', '/CollaborativeLearning/search/search_post?id_post=001201512181412186979&id_grup=201511271804541893', '2015-12-18 14:12:18'),
('029181413055772', '1103139515', '201511271804541893', 'CN001', '/CollaborativeLearning/search/search_post?id_post=001201512181413042931&id_grup=201511271804541893', '2015-12-18 14:13:05'),
('029181413409459', '1103139515', '201511271804541893', 'CN001', '/CollaborativeLearning/search/search_post?id_post=001201512181413395872&id_grup=201511271804541893', '2015-12-18 14:13:40'),
('029181414094128', '1103139515', '201511271804541893', 'CN001', '/CollaborativeLearning/search/search_post?id_post=001201512181414091716&id_grup=201511271804541893', '2015-12-18 14:14:09'),
('029181414297700', '1103139515', '201511271804541893', 'CN001', '/CollaborativeLearning/search/search_post?id_post=001201512181414296943&id_grup=201511271804541893', '2015-12-18 14:14:29'),
('029181415129594', '1103139515', '201511271804541893', 'CN001', '/CollaborativeLearning/search/search_post?id_post=001201512181415124357&id_grup=201511271804541893', '2015-12-18 14:15:12'),
('029181415384992', '1103139515', '201511200805572224', 'CN001', '/CollaborativeLearning/search/search_post?id_post=001201512181415376079&id_grup=201511200805572224', '2015-12-18 14:15:38'),
('029181415572136', '1103139515', '201511271804541893', 'CN001', '/CollaborativeLearning/search/search_post?id_post=001201512181415573333&id_grup=201511271804541893', '2015-12-18 14:15:57'),
('029181438433242', '1103139515', '201512170445399611', 'CN001', '/CollaborativeLearning/search/search_post?id_post=001201512181438422939&id_grup=201512170445399611', '2015-12-18 14:38:43'),
('029181444065637', '1103139515', '201511231903519802', 'CN001', '/CollaborativeLearning/search/search_post?id_post=001201512181444062404&id_grup=201511231903519802', '2015-12-18 14:44:06'),
('029181444148537', '1103139515', '201511231903519802', 'CN001', '/CollaborativeLearning/search/search_post?id_post=001201512181444145187&id_grup=201511231903519802', '2015-12-18 14:44:14'),
('029181444569213', '1103139515', '201511231903519802', 'CN001', '/CollaborativeLearning/search/search_post?id_post=001201512181444552506&id_grup=201511231903519802', '2015-12-18 14:44:56'),
('029181447224408', '1103139527', '201511231903519802', 'CN001', '/CollaborativeLearning/search/search_post?id_post=001201512181447217682&id_grup=201511231903519802', '2015-12-18 14:47:22'),
('029181447434156', '1103139527', '201511231903519802', 'CN001', '/CollaborativeLearning/search/search_post?id_post=001201512181447422570&id_grup=201511231903519802', '2015-12-18 14:47:43'),
('029181448058153', '1103139527', '201511231903519802', 'CN001', '/CollaborativeLearning/search/search_post?id_post=001201512181448048636&id_grup=201511231903519802', '2015-12-18 14:48:05'),
('029181450203265', '1103139527', '201511231903519802', 'CN001', '/CollaborativeLearning/search/search_post?id_post=001201512181450198992&id_grup=201511231903519802', '2015-12-18 14:50:20'),
('029181555187276', '1103139527', '201511231903519802', 'CN002', '/CollaborativeLearning/search/search_post?id_post=001201512181555182074&id_grup=201511231903519802', '2015-12-18 15:55:18'),
('029181555324678', '1103139527', '201511231903519802', 'CN002', '/CollaborativeLearning/search/search_post?id_post=001201512181555317434&id_grup=201511231903519802', '2015-12-18 15:55:32'),
('029181556048348', '1103139527', '201511231903519802', 'CN004', '/CollaborativeLearning/search/search_post?id_post=001201512181450198992&id_grup=201511231903519802', '2015-12-18 15:56:04'),
('029181556356932', '1103139527', '201511231903519802', 'CN002', '/CollaborativeLearning/search/search_post?id_post=001201512181556342847&id_grup=201511231903519802', '2015-12-18 15:56:35'),
('029190749192691', '1103139515', '201512170445399611', 'CN001', '/CollaborativeLearning/search/search_post?id_post=001201512190749182949&id_grup=201512170445399611', '2015-12-19 07:49:19'),
('029190749201214', '1103139515', '201511271804541893', 'CN001', '/CollaborativeLearning/search/search_post?id_post=001201512190749196213&id_grup=201511271804541893', '2015-12-19 07:49:20'),
('029190749203905', '1103139515', '201511200805572224', 'CN001', '/CollaborativeLearning/search/search_post?id_post=001201512190749204165&id_grup=201511200805572224', '2015-12-19 07:49:20'),
('029190758568517', '1103139515', '201511231903519802', 'CN001', '/CollaborativeLearning/search/search_post?id_post=001201512190758567511&id_grup=201511231903519802', '2015-12-19 07:58:56'),
('029190758585217', '1103139515', '201511271354502566', 'CN001', '/CollaborativeLearning/search/search_post?id_post=001201512190758582290&id_grup=201511271354502566', '2015-12-19 07:58:58'),
('029190759017458', '1103139515', '201511251413125997', 'CN001', '/CollaborativeLearning/search/search_post?id_post=001201512190759006070&id_grup=201511251413125997', '2015-12-19 07:59:01'),
('029190800055074', '1103139515', '201511231903519802', 'CN001', '/CollaborativeLearning/search/search_post?id_post=001201512190800036982&id_grup=201511231903519802', '2015-12-19 08:00:05'),
('029190800074586', '1103139515', '201511271804541893', 'CN001', '/CollaborativeLearning/search/search_post?id_post=001201512190800061019&id_grup=201511271804541893', '2015-12-19 08:00:07'),
('029190800082157', '1103139515', '201511200805572224', 'CN001', '/CollaborativeLearning/search/search_post?id_post=001201512190800086563&id_grup=201511200805572224', '2015-12-19 08:00:08');

-- --------------------------------------------------------

--
-- Table structure for table `notifikasi_chat`
--

CREATE TABLE IF NOT EXISTS `notifikasi_chat` (
  `id_notifikasi_chat` varchar(100) NOT NULL DEFAULT '',
  `id_content_chat` varchar(100) NOT NULL,
  `id_anggota_chat` varchar(100) NOT NULL,
  `status_baca` tinyint(1) NOT NULL
) ENGINE=InnoDB DEFAULT CHARSET=latin1;

--
-- Dumping data for table `notifikasi_chat`
--

INSERT INTO `notifikasi_chat` (`id_notifikasi_chat`, `id_content_chat`, `id_anggota_chat`, `status_baca`) VALUES
('1282015121906123340', '0282015121906123288', '0272015121906123240', 1),
('1282015121906123345', '0282015121906123288', '0272015121906123295', 1),
('1282015121906123383', '0282015121906123288', '0272015121906123220', 0),
('1282015121906123398', '0282015121906123288', '0272015121906123294', 1),
('1282015121906123822', '0282015121906123732', '0272015121906123294', 1),
('1282015121906123861', '0282015121906123732', '0272015121906123220', 0),
('1282015121906123882', '0282015121906123732', '0272015121906123240', 1),
('1282015121906123885', '0282015121906123732', '0272015121906123295', 1),
('1282015121906130110', '0282015121906130062', '0272015121906123295', 1),
('1282015121906130124', '0282015121906130062', '0272015121906123294', 1),
('1282015121906130132', '0282015121906130062', '0272015121906123240', 1),
('1282015121906130174', '0282015121906130062', '0272015121906123220', 0),
('1282015121906204215', '0282015121906204153', '0272015121906123240', 1),
('1282015121906204235', '0282015121906204153', '0272015121906123295', 1),
('1282015121906204258', '0282015121906204153', '0272015121906123220', 0),
('1282015121906204290', '0282015121906204153', '0272015121906123294', 1),
('1282015121906211119', '0282015121906211171', '0272015121906123220', 0),
('1282015121906211139', '0282015121906211171', '0272015121906123294', 1),
('1282015121906211157', '0282015121906211171', '0272015121906123295', 1),
('1282015121906211167', '0282015121906211171', '0272015121906123240', 1),
('1282015121906295932', '0282015121906295978', '0272015121906295978', 1),
('1282015121906295939', '0282015121906295978', '0272015121906295972', 1),
('1282015121906295993', '0282015121906295978', '0272015121906295974', 0),
('1282015121906302174', '0282015121906302139', '0272015121906295974', 0),
('1282015121906302188', '0282015121906302139', '0272015121906295972', 1),
('1282015121906302191', '0282015121906302139', '0272015121906295978', 1),
('1282015121907142046', '0282015121907142013', '0272015121906123240', 1),
('1282015121907142065', '0282015121907142013', '0272015121906123294', 1),
('1282015121907142074', '0282015121907142013', '0272015121906123295', 1),
('1282015121907142096', '0282015121907142013', '0272015121906123220', 1),
('1282015121908163959', '0282015121908163975', '0272015121906123240', 1),
('1282015121908163974', '0282015121908163975', '0272015121906123220', 1),
('1282015121908164070', '0282015121908163975', '0272015121906123294', 1),
('1282015121908164085', '0282015121908163975', '0272015121906123295', 1),
('1282015121908170037', '0282015121908170076', '0272015121906123294', 1),
('1282015121908170041', '0282015121908170076', '0272015121906123295', 1),
('1282015121908170074', '0282015121908170076', '0272015121906123240', 1),
('1282015121908170078', '0282015121908170076', '0272015121906123220', 1),
('1282015121908480673', '0282015121908480559', '0272015121906123295', 1),
('1282015121908480683', '0282015121908480559', '0272015121906123294', 0),
('1282015121908480689', '0282015121908480559', '0272015121906123220', 0),
('1282015121908480696', '0282015121908480559', '0272015121906123240', 1),
('1282015121908484139', '0282015121908484038', '0272015121906295972', 1),
('1282015121908484158', '0282015121908484038', '0272015121906295978', 1),
('1282015121908484191', '0282015121908484038', '0272015121906295974', 0),
('1282015121909353455', '0282015121909353460', '0272015121906295972', 1),
('1282015121909353459', '0282015121909353460', '0272015121906295978', 0),
('1282015121909353460', '0282015121909353460', '0272015121906295974', 0),
('1282015121909364926', '0282015121909364971', '0272015121906123240', 0),
('1282015121909364930', '0282015121909364971', '0272015121906123220', 0),
('1282015121909364975', '0282015121909364971', '0272015121906123295', 1),
('1282015121909364977', '0282015121909364971', '0272015121906123294', 0);

-- --------------------------------------------------------

--
-- Table structure for table `notifikasi_target`
--

CREATE TABLE IF NOT EXISTS `notifikasi_target` (
  `id_notifikasi_target` varchar(100) NOT NULL,
  `id_notifikasi` varchar(100) NOT NULL,
  `id_user` varchar(15) NOT NULL,
  `status_baca` tinyint(1) NOT NULL
) ENGINE=InnoDB DEFAULT CHARSET=latin1;

--
-- Dumping data for table `notifikasi_target`
--

INSERT INTO `notifikasi_target` (`id_notifikasi_target`, `id_notifikasi`, `id_user`, `status_baca`) VALUES
('0292150935592682', '029150935595048', '1103138505', 1),
('0292150935594923', '029150935595048', '1103139507', 1),
('0292150935596090', '029150935595048', '1103139508', 0),
('0292150935596402', '029150935595048', '1103139518', 1),
('0292150935597911', '029150935595048', '1103139500', 0),
('0292150937313622', '029150937316974', '1103139507', 1),
('0292150937314923', '029150937316974', '1103139508', 0),
('0292150937316601', '029150937316974', '1103138505', 1),
('0292150937317945', '029150937316974', '1103139500', 0),
('0292150937318965', '029150937316974', '1103139518', 1),
('0292150938123373', '029150938128662', '1103139507', 1),
('0292150938126154', '029150938128662', '1103139518', 1),
('0292150938127335', '029150938128662', '1103138505', 1),
('0292150938129414', '029150938128662', '1103139500', 0),
('0292150938129772', '029150938128662', '1103139508', 0),
('0292150938231719', '029150938236348', '1103139500', 0),
('0292150938235113', '029150938236348', '1103138505', 1),
('0292150938235831', '029150938236348', '1103139507', 1),
('0292150938236446', '029150938236348', '1103139508', 0),
('0292150938239068', '029150938236348', '1103139518', 1),
('0292150940582724', '029150940588564', '1103139508', 0),
('0292150940583449', '029150940588564', '1103139518', 1),
('0292150940585426', '029150940588564', '1103139507', 1),
('0292150940587253', '029150940588564', '1103138505', 1),
('0292150940587713', '029150940588564', '1103139500', 0),
('0292150941451731', '029150941459382', '1103139518', 1),
('0292150941453989', '029150941459382', '1103139508', 0),
('0292150941455135', '029150941459382', '1103139500', 0),
('0292150941457425', '029150941459382', '1103139507', 1),
('0292150941459390', '029150941459382', '1103138505', 1),
('0292151006491779', '029151006497043', '1103139515', 1),
('0292151006493163', '029151006497043', '1103139507', 1),
('0292151006494142', '029151006497043', '1103138505', 1),
('0292151006496798', '029151006497043', '1103139500', 0),
('0292151006498901', '029151006497043', '1103139508', 0),
('0292151020142365', '029151020149777', '1103139518', 1),
('0292151020142634', '029151020149777', '1103139507', 1),
('0292151020144681', '029151020149777', '1103139508', 0),
('0292151020146315', '029151020149777', '1103139500', 0),
('0292151020147286', '029151020149777', '1103139515', 1),
('0292151037142450', '029151037141518', '1103139508', 0),
('0292151037144466', '029151037141518', '1103138505', 1),
('0292151037144879', '029151037141518', '1103139518', 1),
('0292151037145374', '029151037141518', '1103139507', 1),
('0292151037148156', '029151037141518', '1103139500', 0),
('0292151037242025', '029151037248926', '1103139507', 1),
('0292151037242635', '029151037248926', '1103139518', 1),
('0292151037248274', '029151037248926', '1103138505', 1),
('0292151037248648', '029151037248926', '1103139508', 0),
('0292151037248784', '029151037248926', '1103139500', 0),
('0292151041231179', '029151041233655', '1103139508', 0),
('0292151041233251', '029151041233655', '1103139518', 1),
('0292151041233832', '029151041233655', '1103139507', 1),
('0292151041235035', '029151041233655', '1103139515', 1),
('0292151041238261', '029151041233655', '1103139500', 0),
('0292151041301619', '029151041308205', '1103139500', 0),
('0292151041305053', '029151041308205', '1103139518', 1),
('0292151041305651', '029151041308205', '1103139515', 1),
('0292151041307403', '029151041308205', '1103139508', 0),
('0292151041309462', '029151041308205', '1103139507', 1),
('0292151056543431', '029151056545936', '1103139508', 0),
('0292151056544413', '029151056545936', '1103138505', 1),
('0292151056546244', '029151056545936', '1103139500', 0),
('0292151056546311', '029151056545936', '1103139515', 1),
('0292151056546522', '029151056545936', '1103139507', 1),
('0292151057062729', '029151057065783', '1103139508', 0),
('0292151057063255', '029151057065783', '1103139515', 1),
('0292151057063462', '029151057065783', '1103139507', 1),
('0292151057065458', '029151057065783', '1103139500', 0),
('0292151057068694', '029151057065783', '1103138505', 1),
('0292151114421535', '029151114428097', '1103139518', 1),
('0292151114422391', '029151114428097', '1103139507', 1),
('0292151114424681', '029151114428097', '1103139500', 0),
('0292151114424751', '029151114428097', '1103139515', 1),
('0292151114426943', '029151114428097', '1103139508', 0),
('0292151114512014', '029151114517135', '1103139515', 1),
('0292151114516986', '029151114517135', '1103139518', 1),
('0292151114517020', '029151114517135', '1103139508', 0),
('0292151114517956', '029151114517135', '1103139507', 1),
('0292151114518780', '029151114517135', '1103139500', 0),
('0292151128172628', '029151128177088', '1103139500', 0),
('0292151128174282', '029151128177088', '1103138505', 1),
('0292151128175967', '029151128177088', '1103139518', 1),
('0292151128176902', '029151128177088', '1103139508', 0),
('0292151128179881', '029151128177088', '1103139507', 1),
('0292151128277510', '029151128275820', '1103139500', 0),
('0292151128277733', '029151128275820', '1103139508', 0),
('0292151128279503', '029151128275820', '1103139507', 1),
('0292151128279605', '029151128275820', '1103139518', 1),
('0292151128279807', '029151128275820', '1103138505', 1),
('0292151129511801', '029151129512359', '1103139507', 1),
('0292151129515507', '029151129512359', '1103139500', 0),
('0292151129515593', '029151129512359', '1103139508', 0),
('0292151129519319', '029151129512359', '1103138505', 1),
('0292151129519567', '029151129512359', '1103139515', 1),
('0292151235212630', '029151235214248', '1103139507', 1),
('0292151235214388', '029151235214248', '1103139515', 1),
('0292151235214956', '029151235214248', '1103139500', 0),
('0292151235215459', '029151235214248', '1103139508', 0),
('0292151235218302', '029151235214248', '1103138505', 1),
('0292151236142551', '029151236146194', '1103139515', 1),
('0292151236143863', '029151236146194', '1103139500', 0),
('0292151236144182', '029151236146194', '1103138505', 1),
('0292151236146370', '029151236146194', '1103139507', 1),
('0292151236147128', '029151236146194', '1103139508', 0),
('0292151236452258', '029151236459196', '1103139515', 1),
('0292151236452556', '029151236459196', '1103139507', 1),
('0292151236454112', '029151236459196', '1103139508', 0),
('0292151236455369', '029151236459196', '1103139500', 0),
('0292151236459415', '029151236459196', '1103138505', 1),
('0292151237061070', '029151237068955', '1103138505', 1),
('0292151237063769', '029151237068955', '1103139515', 1),
('0292151237064173', '029151237068955', '1103139500', 0),
('0292151237064757', '029151237068955', '1103139507', 1),
('0292151237067148', '029151237068955', '1103139508', 0),
('0292151244043701', '029151244044225', '1103138505', 1),
('0292151244045437', '029151244044225', '1103139515', 1),
('0292151244046966', '029151244044225', '1103139507', 1),
('0292151244048305', '029151244044225', '1103139508', 0),
('0292151244049810', '029151244044225', '1103139500', 0),
('0292151244271373', '029151244277284', '1103139508', 0),
('0292151244275118', '029151244277284', '1103139500', 0),
('0292151244278359', '029151244277284', '1103139507', 1),
('0292151244279347', '029151244277284', '1103138505', 1),
('0292151244279616', '029151244277284', '1103139515', 1),
('0292151947392709', '029151947392007', '1103139518', 1),
('0292151947393156', '029151947392007', '1103139507', 1),
('0292151947395067', '029151947392007', '1103138505', 1),
('0292151947397531', '029151947392007', '1103139508', 0),
('0292151947398588', '029151947392007', '1103139500', 0),
('0292151947413271', '029151947419154', '1103139496', 0),
('0292151947415473', '029151947419154', '1103139508', 0),
('0292151947415993', '029151947419154', '1103139495', 0),
('0292151947422609', '029151947424249', '1103139519', 0),
('0292151947422650', '029151947424249', '1103139517', 0),
('0292151947428583', '029151947424249', '1103139501', 0),
('0292151947433164', '029151947432660', '1103139498', 0),
('0292151947437333', '029151947432660', '1103139508', 0),
('0292151953101276', '029151953102279', '1103139518', 1),
('0292151953103445', '029151953102279', '1103139508', 0),
('0292151953104456', '029151953102279', '1103138505', 1),
('0292151953107633', '029151953102279', '1103139507', 1),
('0292151953108888', '029151953102279', '1103139500', 0),
('0292151953123521', '029151953127597', '1103139495', 0),
('0292151953124885', '029151953127597', '1103139496', 0),
('0292151953127027', '029151953127597', '1103139508', 0),
('0292151953133916', '029151953135890', '1103139519', 0),
('0292151953135017', '029151953135890', '1103139501', 0),
('0292151953139688', '029151953135890', '1103139517', 0),
('0292151953144141', '029151953144934', '1103139508', 0),
('0292151953148952', '029151953144934', '1103139498', 0),
('0292160945531661', '029160945534909', '1103139500', 0),
('0292160945532070', '029160945534909', '1103139507', 1),
('0292160945532083', '029160945534909', '1103139515', 1),
('0292160945535067', '029160945534909', '1103139508', 0),
('0292160945538822', '029160945534909', '1103139518', 1),
('0292161015573802', '029161015579160', '1103139508', 0),
('0292161015575469', '029161015579160', '1103139507', 1),
('0292161015575887', '029161015579160', '1103139518', 1),
('0292161015575943', '029161015579160', '1103138505', 0),
('0292161015576070', '029161015579160', '1103139500', 0),
('0292161016545060', '029161016549607', '1103139507', 1),
('0292161016545527', '029161016549607', '1103139518', 1),
('0292161016545968', '029161016549607', '1103139515', 1),
('0292161016546260', '029161016549607', '1103139500', 0),
('0292161016547581', '029161016549607', '1103139508', 0),
('0292161027131200', '029161027139710', '1103139515', 1),
('0292161027135909', '029161027139710', '1103139518', 1),
('0292161027135950', '029161027139710', '1103139507', 1),
('0292161027137026', '029161027139710', '1103139500', 0),
('0292161027139956', '029161027139710', '1103139508', 0),
('0292161028531576', '029161028534879', '1103139508', 0),
('0292161028536114', '029161028534879', '1103139515', 1),
('0292161028536208', '029161028534879', '1103139518', 1),
('0292161028536642', '029161028534879', '1103139507', 1),
('0292161028537838', '029161028534879', '1103139500', 0),
('0292161413421982', '029161413427518', '1103139518', 1),
('0292161413423495', '029161413427518', '1103139508', 0),
('0292161413427350', '029161413427518', '1103139500', 0),
('0292161413428864', '029161413427518', '1103139507', 1),
('0292161413429243', '029161413427518', '1103138505', 1),
('0292170514589176', '029170514587842', '1103139515', 1),
('0292170517322217', '029170517322337', '1103139515', 1),
('0292170539207037', '029170539202386', '1103139515', 1),
('0292170541452587', '029170541452956', '1103139515', 1),
('0292171752591271', '029171752598457', '1103139498', 0),
('0292171753011452', '029171753013633', '1103138505', 0),
('0292171753012273', '029171753013633', '1103139500', 0),
('0292171753017361', '029171753013633', '1103139508', 0),
('0292171753017535', '029171753013633', '1103139507', 1),
('0292171753018752', '029171753013633', '1103139518', 1),
('0292180826051435', '029180826052753', '1103139508', 0),
('0292180826051920', '029180826052753', '1103139500', 0),
('0292180826054312', '029180826052753', '1103139507', 1),
('0292180826054608', '029180826052753', '1103139515', 1),
('0292180826058002', '029180826052753', '1103139518', 1),
('0292180851581073', '029180851582373', '1103139518', 1),
('0292180851581185', '029180851582373', '1103139500', 0),
('0292180851581685', '029180851582373', '1103139508', 0),
('0292180851583605', '029180851582373', '1103139507', 1),
('0292180851585971', '029180851582373', '1103138505', 0),
('0292180859466257', '029180859465699', '1103139507', 1),
('0292180859467316', '029180859465699', '1103139518', 1),
('0292180859468997', '029180859465699', '1103139508', 0),
('0292180859469172', '029180859465699', '1103138505', 0),
('0292180859469713', '029180859465699', '1103139500', 0),
('0292180905061525', '029180905066252', '1103139500', 0),
('0292180905062418', '029180905066252', '1103139507', 1),
('0292180905066024', '029180905066252', '1103138505', 0),
('0292180905066254', '029180905066252', '1103139518', 1),
('0292180905067400', '029180905066252', '1103139508', 0),
('0292181048356412', '029181048351821', '1103139508', 0),
('0292181048356631', '029181048351821', '1103139538', 0),
('0292181048357048', '029181048351821', '1103139527', 0),
('0292181048359948', '029181048358382', '1103139498', 0),
('0292181048375973', '029181048372516', '1103139500', 0),
('0292181048376833', '029181048372516', '1103139507', 1),
('0292181048377491', '029181048372516', '1103138505', 0),
('0292181048378144', '029181048372516', '1103139508', 0),
('0292181048379936', '029181048372516', '1103139518', 1),
('0292181050121029', '029181050121864', '1103139518', 1),
('0292181050122692', '029181050121864', '1103139508', 0),
('0292181050125635', '029181050121864', '1103138505', 0),
('0292181050127028', '029181050121864', '1103139500', 0),
('0292181050127158', '029181050121864', '1103139507', 1),
('0292181050522456', '029181050521766', '1103139527', 0),
('0292181050527233', '029181050521766', '1103139538', 0),
('0292181050527902', '029181050521766', '1103139508', 0),
('0292181052425656', '029181052427500', '1103139498', 0),
('0292181057064167', '029181057069875', '1103139507', 1),
('0292181057064533', '029181057069875', '1103139508', 0),
('0292181057066707', '029181057069875', '1103138505', 0),
('0292181057066829', '029181057069875', '1103139500', 0),
('0292181057069756', '029181057069875', '1103139518', 1),
('0292181303569721', '029181303568569', '1103139498', 0),
('0292181303571349', '029181303572744', '1103139500', 0),
('0292181303572707', '029181303572744', '1103139508', 0),
('0292181303575383', '029181303572744', '1103139518', 1),
('0292181303575912', '029181303572744', '1103139507', 1),
('0292181303576798', '029181303572744', '1103138505', 0),
('0292181321477284', '029181321473422', '1103139498', 0),
('0292181321482214', '029181321485706', '1103139496', 0),
('0292181321483869', '029181321485706', '1103139508', 0),
('0292181321484932', '029181321485706', '1103139495', 0),
('0292181335274736', '029181335274881', '1103139498', 0),
('0292181411408112', '029181411406461', '1103139508', 0),
('0292181412183517', '029181412188623', '1103139508', 0),
('0292181413057752', '029181413055772', '1103139508', 0),
('0292181413406694', '029181413409459', '1103139508', 0),
('0292181414099401', '029181414094128', '1103139508', 0),
('0292181414297481', '029181414297700', '1103139508', 0),
('0292181415129924', '029181415129594', '1103139508', 0),
('0292181415381424', '029181415384992', '1103139500', 0),
('0292181415382991', '029181415384992', '1103139508', 0),
('0292181415385927', '029181415384992', '1103139518', 1),
('0292181415387889', '029181415384992', '1103139507', 1),
('0292181415389686', '029181415384992', '1103138505', 0),
('0292181415573192', '029181415572136', '1103139508', 0),
('0292181438435372', '029181438433242', '1103139498', 0),
('0292181444062490', '029181444065637', '1103139508', 0),
('0292181444067802', '029181444065637', '1103139538', 0),
('0292181444068205', '029181444065637', '1103139527', 0),
('0292181444144623', '029181444148537', '1103139508', 0),
('0292181444145257', '029181444148537', '1103139538', 0),
('0292181444147438', '029181444148537', '1103139527', 0),
('0292181444567386', '029181444569213', '1103139527', 1),
('0292181444568677', '029181444569213', '1103139508', 0),
('0292181444568904', '029181444569213', '1103139538', 0),
('0292181447224197', '029181447224408', '1103139508', 0),
('0292181447227661', '029181447224408', '1103139515', 1),
('0292181447228461', '029181447224408', '1103139538', 0),
('0292181447431369', '029181447434156', '1103139515', 1),
('0292181447434883', '029181447434156', '1103139538', 0),
('0292181447434901', '029181447434156', '1103139508', 0),
('0292181448051278', '029181448058153', '1103139515', 1),
('0292181448054860', '029181448058153', '1103139508', 0),
('0292181448059044', '029181448058153', '1103139538', 0),
('0292181450203232', '029181450203265', '1103139515', 1),
('0292181450205093', '029181450203265', '1103139508', 0),
('0292181450205952', '029181450203265', '1103139538', 0),
('0292181555181311', '029181555187276', '1103139515', 1),
('0292181555185132', '029181555187276', '1103139538', 0),
('0292181555185917', '029181555187276', '1103139508', 0),
('0292181555321824', '029181555324678', '1103139508', 0),
('0292181555324296', '029181555324678', '1103139515', 1),
('0292181555327827', '029181555324678', '1103139538', 0),
('0292181556045317', '029181556048348', '1103139515', 1),
('0292181556046359', '029181556048348', '1103139508', 0),
('0292181556046696', '029181556048348', '1103139538', 0),
('0292181556353083', '029181556356932', '1103139515', 1),
('0292181556354599', '029181556356932', '1103139538', 0),
('0292181556357604', '029181556356932', '1103139508', 0),
('0292190749192749', '029190749192691', '1103139498', 0),
('0292190749201207', '029190749203905', '1103139500', 0),
('0292190749202681', '029190749201214', '1103139508', 0),
('0292190749203594', '029190749203905', '1103139508', 0),
('0292190749206965', '029190749203905', '1103139507', 0),
('0292190749207993', '029190749203905', '1103138505', 0),
('0292190749208245', '029190749203905', '1103139518', 1),
('0292190758561818', '029190758568517', '1103139527', 0),
('0292190758563656', '029190758568517', '1103139538', 0),
('0292190758566045', '029190758568517', '1103139508', 0),
('0292190758584133', '029190758585217', '1103139501', 0),
('0292190758585643', '029190758585217', '1103139517', 0),
('0292190758587586', '029190758585217', '1103139519', 0),
('0292190759011784', '029190759017458', '1103139508', 0),
('0292190759012890', '029190759017458', '1103139496', 0),
('0292190759018384', '029190759017458', '1103139495', 0),
('0292190800056391', '029190800055074', '1103139508', 0),
('0292190800058452', '029190800055074', '1103139527', 0),
('0292190800059850', '029190800055074', '1103139538', 0),
('0292190800075894', '029190800074586', '1103139508', 0),
('0292190800084073', '029190800082157', '1103138505', 0),
('0292190800086039', '029190800082157', '1103139507', 0),
('0292190800086953', '029190800082157', '1103139500', 0),
('0292190800089100', '029190800082157', '1103139508', 0),
('0292190800089186', '029190800082157', '1103139518', 1);

-- --------------------------------------------------------

--
-- Table structure for table `post`
--

CREATE TABLE IF NOT EXISTS `post` (
  `id_post` varchar(100) NOT NULL,
  `isi_post` text NOT NULL,
  `tanggal_post` datetime NOT NULL,
  `id_anggota` varchar(100) NOT NULL,
  `id_jenis_post` varchar(5) NOT NULL
) ENGINE=InnoDB DEFAULT CHARSET=latin1;

--
-- Dumping data for table `post`
--

INSERT INTO `post` (`id_post`, `isi_post`, `tanggal_post`, `id_anggota`, `id_jenis_post`) VALUES
('0012015112820285580', 'Halo Dunia!', '2015-11-28 20:28:55', '2015112008055722240220385862', 'P1111'),
('0012015112820291215', 'File Completed!', '2015-11-28 20:29:12', '2015112008055722240220385862', 'P1111'),
('001201511291492346', 'Good night', '2015-11-29 01:49:23', '2015112008055722240220385862', 'P1111'),
('001201511291544216', 'Hello World!', '2015-11-29 01:54:42', '2015112008055722240220385862', 'P1111'),
('00120151129155189', 'Just share!', '2015-11-29 01:55:01', '2015112008055722240220385862', 'P1111'),
('001201511291582119', 'Good Night!', '2015-11-29 01:58:21', '2015112008055722240220385862', 'P1111'),
('0012015112973020', 'Hello Bro!', '2015-11-29 07:03:00', '2015112008055722240220385862', 'P1111'),
('00120151129734029', 'Yo man!', '2015-11-29 07:03:40', '2015112008055722240220385862', 'P1111'),
('0012015120218274429', 'Test', '2015-12-02 18:27:44', '2015112319035198021016441149', 'P1111'),
('0012015120218274575', 'Test', '2015-12-02 18:27:45', '2015112514131259970213156681', 'P1111'),
('001201512021844482043', 'Hello World!', '2015-12-02 18:44:48', '2015112008055722240220388417', 'P1111'),
('001201512021844484641', 'Hello World!', '2015-12-02 18:44:48', '2015112319035198021016441149', 'P1111'),
('001201512021844484819', 'Hello World!', '2015-12-02 18:44:48', '2015112514131259970213156681', 'P1111'),
('001201512021844486413', 'Hello World!', '2015-12-02 18:44:48', '2015112718045418931223441848', 'P1111'),
('001201512021845472389', 'Testing', '2015-12-02 18:45:47', '2015112008055722240220388417', 'P1111'),
('001201512022153011213', 'Hello', '2015-12-02 21:53:01', '2015112008055722240220388417', 'P1111'),
('001201512022153024551', 'Hello', '2015-12-02 21:53:02', '2015112319035198021016441149', 'P1111'),
('001201512042058362860', 'Hello', '2015-12-04 20:58:36', '2015112008055722240220388417', 'P1111'),
('001201512042058371827', 'Hello', '2015-12-04 20:58:37', '2015112718045418931223441848', 'P1111'),
('001201512042058373695', 'Hello', '2015-12-04 20:58:37', '2015112514131259970213156681', 'P1111'),
('001201512042058378565', 'Hello', '2015-12-04 20:58:37', '2015112319035198021016441149', 'P1111'),
('001201512042059104459', 'Helloooooo', '2015-12-04 20:59:10', '2015112008055722240220388417', 'P1111'),
('001201512042059112660', 'Helloooooo', '2015-12-04 20:59:11', '2015112718045418931223441848', 'P1111'),
('001201512042059117078', 'Helloooooo', '2015-12-04 20:59:11', '2015112514131259970213156681', 'P1111'),
('001201512042059117730', 'Helloooooo', '2015-12-04 20:59:11', '2015112319035198021016441149', 'P1111'),
('001201512060957153408', 'Hello', '2015-12-06 09:57:15', '2015112008055722240220388417', 'P1112'),
('00120151211023273', 'Happy Thuesday!', '2015-12-01 10:23:02', '2015112008055722240220385862', 'P1111'),
('00120151211156132', 'Hello somebody like you', '2015-12-01 11:56:01', '2015112008055722240220385862', 'P1111'),
('001201512112461663', 'Testing without file 1', '2015-12-01 12:46:16', '2015112008055722240220385862', 'P1111'),
('001201512114574582', 'Just hello', '2015-12-01 14:57:45', '2015112008055722240220385862', 'P1112'),
('00120151211513885', 'Testing', '2015-12-01 15:13:08', '2015112008055722240220385862', 'P1112'),
('00120151211514487', 'Hello Mamen bro', '2015-12-01 15:01:44', '2015112008055722240220385862', 'P1112'),
('00120151211520389', 'Hello', '2015-12-01 15:20:03', '2015112008055722240220385862', 'P1112'),
('001201512115314558', 'Test file', '2015-12-01 15:31:45', '2015112008055722240220385862', 'P1112'),
('001201512130554015955', 'Quality Time!', '2015-12-13 05:54:01', '2015112008055722240220384406', 'P1111'),
('001201512141519257797', 'Hello World!', '2015-12-14 15:19:25', '2015112008055722240220384406', 'P1111'),
('001201512142028194813', 'Hello World Too', '2015-12-14 20:28:19', '2015112008055722240220385862', 'P1111'),
('001201512142127327497', 'Good Nigth Everybody!', '2015-12-14 21:27:32', '2015112008055722240220384406', 'P1111'),
('001201512142143248983', 'Testing', '2015-12-14 21:43:24', '2015112008055722240220384406', 'P1111'),
('001201512142211304602', 'Yeah....!!', '2015-12-14 22:11:30', '2015112008055722240809308817', 'P1111'),
('001201512142243554037', 'Hello World!', '2015-12-14 22:43:55', '2015112008055722240220385862', 'P1112'),
('001201512150116259243', 'Hello World!', '2015-12-15 01:16:25', '2015112008055722240809308817', 'P1111'),
('001201512150116511934', 'Rock n'' roll!', '2015-12-15 01:16:51', '2015112008055722240809308817', 'P1112'),
('001201512150906143903', 'Hello Semua', '2015-12-15 09:06:14', '2015112008055722240809308817', 'P1111'),
('001201512150911543128', 'Network!', '2015-12-15 09:11:54', '2015112008055722240220384406', 'P1111'),
('001201512150935583410', 'Hello World!', '2015-12-15 09:35:58', '2015112008055722240220384406', 'P1111'),
('001201512150937317765', 'Yearrrr', '2015-12-15 09:37:31', '2015112008055722240220384406', 'P1111'),
('001201512150938114037', 'Hello World!', '2015-12-15 09:38:11', '2015112008055722240220384406', 'P1112'),
('001201512150938228765', 'Nothing!', '2015-12-15 09:38:22', '2015112008055722240220384406', 'P1112'),
('001201512151006489668', 'Nothing Help!', '2015-12-15 10:06:48', '2015112008055722240809308817', 'P1111'),
('001201512151235193086', 'Testing', '2015-12-15 12:35:19', '2015112008055722240809308817', 'P1111'),
('001201512151236139845', 'Allrigth!', '2015-12-15 12:36:13', '2015112008055722240809308817', 'P1112'),
('001201512151851327322', 'Hello World!', '2015-12-15 18:51:32', '2015112713545025661236344140', 'P1111'),
('001201512151851328963', 'Hello World!', '2015-12-15 18:51:32', '2015112514131259970213153978', 'P1111'),
('001201512151851333216', 'Hello World!', '2015-12-15 18:51:33', '2015112718045418930824417209', 'P1111'),
('001201512151854524570', 'sss', '2015-12-15 18:54:52', '2015112008055722240220384406', 'P1111'),
('001201512151854554888', 'sss', '2015-12-15 18:54:55', '2015112713545025661236344140', 'P1111'),
('001201512151855287303', 'Hello Night!', '2015-12-15 18:55:28', '2015112008055722240220384406', 'P1111'),
('001201512151855306286', 'Hello Night!', '2015-12-15 18:55:30', '2015112514131259970213153978', 'P1111'),
('001201512151855317504', 'Hello Night!', '2015-12-15 18:55:31', '2015112713545025661236344140', 'P1111'),
('001201512151902291095', 'Teeeeettttt', '2015-12-15 19:02:29', '2015112008055722240220384406', 'P1111'),
('001201512151902314880', 'Teeeeettttt', '2015-12-15 19:02:31', '2015112514131259970213153978', 'P1111'),
('001201512151902324049', 'Teeeeettttt', '2015-12-15 19:02:32', '2015112718045418930824417209', 'P1111'),
('001201512151904503745', 'Alay', '2015-12-15 19:04:50', '2015112514131259970213153978', 'P1111'),
('001201512151904525072', 'Alay', '2015-12-15 19:04:52', '2015112718045418930824417209', 'P1111'),
('001201512151947395715', 'Hello Test!', '2015-12-15 19:47:39', '2015112008055722240220384406', 'P1111'),
('001201512151947403120', 'Hello Test!', '2015-12-15 19:47:40', '2015112514131259970213153978', 'P1111'),
('001201512151947422001', 'Hello Test!', '2015-12-15 19:47:42', '2015112713545025661236344140', 'P1111'),
('001201512151947431491', 'Hello Test!', '2015-12-15 19:47:43', '2015112718045418930824417209', 'P1111'),
('001201512161015577731', 'Raaaawwwrrrr!!!', '2015-12-16 10:15:57', '2015112008055722240220384406', 'P1111'),
('001201512161016529239', 'Yeeeeaaahh', '2015-12-16 10:16:52', '2015112008055722240220385862', 'P1112'),
('001201512161413414679', 'Test', '2015-12-16 14:13:41', '2015112008055722240220384406', 'P1111'),
('001201512170514563518', 'Hello World!', '2015-12-17 05:14:56', '2015121704453996111046508057', 'P1111'),
('001201512170517317648', 'Hello Bandung', '2015-12-17 05:17:31', '2015121704453996111046508057', 'P1111'),
('001201512170539197341', 'Hello Semua', '2015-12-17 05:39:19', '2015121704453996111046508057', 'P1112'),
('001201512170541448211', 'Hello Day', '2015-12-17 05:41:44', '2015121704453996111046508057', 'P1112'),
('001201512171752581439', 'Hello Afternoon', '2015-12-17 17:52:58', '2015121704453996111046386328', 'P1111'),
('001201512171753008713', 'Hello Afternoon', '2015-12-17 17:53:00', '2015112008055722240220384406', 'P1111'),
('001201512181411392594', 'On Friday!', '2015-12-18 14:11:39', '2015112008055722240220384406', 'P1111'),
('001201512181412186979', 'On Friday!', '2015-12-18 14:12:18', '2015112008055722240220384406', 'P1111'),
('001201512181413042931', 'Hello World!', '2015-12-18 14:13:04', '2015112008055722240220384406', 'P1111'),
('001201512181413395872', 'Just Test', '2015-12-18 14:13:39', '2015112008055722240220384406', 'P1111'),
('001201512181414091716', 'Test', '2015-12-18 14:14:09', '2015112008055722240220384406', 'P1111'),
('001201512181414296943', 'ertryukl', '2015-12-18 14:14:29', '2015112008055722240220384406', 'P1111'),
('001201512181415124357', 'erty', '2015-12-18 14:15:12', '2015112008055722240220384406', 'P1111'),
('001201512181426508437', '0', '2015-12-18 14:26:50', '0', 'P1111'),
('001201512181427436599', '0', '2015-12-18 14:27:43', '0', 'P1111'),
('001201512181427559798', '0', '2015-12-18 14:27:55', '0', 'P1111'),
('001201512181434224967', 'Just wanna try this!', '2015-12-18 14:34:22', '2015112319035198020801037009', 'P1111'),
('001201512181435209473', '', '2015-12-18 14:35:20', '2015121704453996111046386328', 'P1111'),
('001201512181436007491', '', '2015-12-18 14:36:00', '2015121704453996111046386328', 'P1111'),
('001201512181438422939', 'Bissmillahirahmanirahim', '2015-12-18 14:38:42', '2015121704453996111046386328', 'P1111'),
('001201512181444062404', 'Testing', '2015-12-18 14:44:06', '2015112319035198020801037009', 'P1111'),
('001201512181444145187', '', '2015-12-18 14:44:14', '2015112319035198020801037009', 'P1111'),
('001201512181444552506', 'Hello Dora!', '2015-12-18 14:44:55', '2015112319035198020801037009', 'P1111'),
('001201512181447217682', 'Wonderfull', '2015-12-18 14:47:21', '2015112319035198021016448908', 'P1111'),
('001201512181447422570', '', '2015-12-18 14:47:42', '2015112319035198021016448908', 'P1111'),
('001201512181448048636', 'lala lala lala ', '2015-12-18 14:48:04', '2015112319035198021016448908', 'P1111'),
('001201512181450198992', 'Just little post!', '2015-12-18 14:50:19', '2015112319035198021016448908', 'P1111'),
('001201512181555182074', 'Hello World!', '2015-12-18 15:55:18', '2015112319035198021016448908', 'P1112'),
('001201512181555317434', '', '2015-12-18 15:55:31', '2015112319035198021016448908', 'P1112'),
('001201512181556342847', 'Hello ', '2015-12-18 15:56:34', '2015112319035198021016448908', 'P1112'),
('001201512190749182949', 'Hello World', '2015-12-19 07:49:18', '2015121704453996111046386328', 'P1111'),
('001201512190749196213', 'Hello World', '2015-12-19 07:49:19', '2015112718045418930824417209', 'P1111'),
('001201512190749204165', 'Hello World', '2015-12-19 07:49:20', '2015112008055722240220384406', 'P1111'),
('001201512190758567511', '', '2015-12-19 07:58:56', '2015112319035198020801037009', 'P1111'),
('001201512190758582290', '', '2015-12-19 07:58:58', '2015112713545025661236344140', 'P1111'),
('001201512190759006070', '', '2015-12-19 07:59:00', '2015112514131259970213153978', 'P1111'),
('001201512190800036982', 'Semangat Kaka! ', '2015-12-19 08:00:03', '2015112319035198020801037009', 'P1111'),
('001201512190800061019', 'Semangat Kaka! ', '2015-12-19 08:00:06', '2015112718045418930824417209', 'P1111'),
('001201512190800086563', 'Semangat Kaka! ', '2015-12-19 08:00:08', '2015112008055722240220384406', 'P1111'),
('00120151225363540', 'I Hope it can be perfect', '2015-12-02 05:36:35', '2015112008055722240220385862', 'P1111'),
('00120151228433884', 'Rawwrrrr!', '2015-12-02 08:43:38', '2015112008055722240220385862', 'P1112'),
('0012015122893861', 'Wow', '2015-12-02 08:09:38', '2015112008055722240220385862', 'P1112');

-- --------------------------------------------------------

--
-- Table structure for table `post_file`
--

CREATE TABLE IF NOT EXISTS `post_file` (
  `id_post_file` varchar(100) NOT NULL,
  `id_post` varchar(100) NOT NULL,
  `src_file` text NOT NULL,
  `tanggal_file` datetime NOT NULL
) ENGINE=InnoDB DEFAULT CHARSET=latin1;

--
-- Dumping data for table `post_file`
--

INSERT INTO `post_file` (`id_post_file`, `id_post`, `src_file`, `tanggal_file`) VALUES
('021042059103210', '001201512042059104459', 'assets/images/secondarytile.png', '2015-12-04 08:59:10'),
('021042059114841', '001201512042059117730', 'assets/images/secondarytile.png', '2015-12-04 08:59:11'),
('021042059116178', '001201512042059117078', 'assets/images/secondarytile.png', '2015-12-04 08:59:11'),
('021042059116268', '001201512042059112660', 'assets/images/secondarytile.png', '2015-12-04 08:59:11'),
('02111531452228', '001201512115314558', 'assets/images/acs-bio97.pdf', '2015-12-01 03:31:46'),
('02111536224894', '001201512115314558', 'assets/images/ITS-Master-17022-Paper-pdf.pdf', '2015-12-01 03:36:23'),
('02111542398741', '001201512115314558', 'assets/images/digital_20314235-T30900-Implementasi_algorotma.pdf', '2015-12-01 03:42:39'),
('021170514566071', '001201512170514563518', 'assets/images/Book1.xlsx', '2015-12-17 05:14:57'),
('021170517318543', '001201512170517317648', 'assets/images/toranomon-hills-opening-toranomon-mascot1.jpg', '2015-12-17 05:17:31'),
('021170539192231', '001201512170539197341', 'assets/images/Stand_by_Me_Doraemon_Poster_Wallpapers.jpg', '2015-12-17 05:39:19'),
('021170541443782', '001201512170541448211', 'assets/images/Grammar.txt', '2015-12-17 05:41:44'),
('021181415127811', '001201512181415124357', 'assets/images/6810020_20151008070036.jpg', '2015-12-18 02:15:12'),
('021181435204912', '001201512181435209473', 'assets/images/Stereo_to_Mono_XLR.jpg', '2015-12-18 02:35:21'),
('021181436007788', '001201512181436007491', 'assets/images/Tanglewood_Guitars_TVC_XFM.png', '2015-12-18 02:36:00'),
('021181438424836', '001201512181438422939', 'assets/images/Tanglewood_TSF_CE_XB_HG.png', '2015-12-18 02:38:42'),
('021181444141396', '001201512181444145187', 'assets/images/Tanglewood_Guitars_TVC_XFM.png', '2015-12-18 02:44:14'),
('021181444558893', '001201512181444552506', 'assets/images/toranomon-hills-opening-toranomon-mascot1.jpg', '2015-12-18 02:44:56'),
('021181447425088', '001201512181447422570', 'assets/images/Stand_by_Me_Doraemon_Poster_Wallpapers.jpg', '2015-12-18 02:47:42'),
('021181448042286', '001201512181448048636', 'assets/images/Stay_Hungry_Stay_Foolish.png', '2015-12-18 02:48:04'),
('021181555311741', '001201512181555317434', 'assets/images/Fluttershy.png', '2015-12-18 03:55:32'),
('021181556345750', '001201512181556342847', 'assets/images/Doctor_Whooves.png', '2015-12-18 03:56:34'),
('02118850399137', '001201512150938114037', 'assets/images/PA20C_Template_Proposal_Prodi_MI_ver_Tel-U.docx', '2015-12-18 08:50:40'),
('0211885107100', '001201512150938114037', 'assets/images/Form-Pengajuan-Judul-Proyek-Akhir.docx', '2015-12-18 08:51:00'),
('021190758568739', '001201512190758567511', 'assets/images/BuzzInfinity.png', '2015-12-19 07:58:56'),
('021190758584113', '001201512190758582290', 'assets/images/BuzzInfinity.png', '2015-12-19 07:58:58'),
('021190759001251', '001201512190759006070', 'assets/images/BuzzInfinity.png', '2015-12-19 07:59:00'),
('021190800033717', '001201512190800036982', 'assets/images/Best_26552b_1771358.jpg', '2015-12-19 08:00:04'),
('021190800063128', '001201512190800061019', 'assets/images/Best_26552b_1771358.jpg', '2015-12-19 08:00:06'),
('021190800086160', '001201512190800086563', 'assets/images/Best_26552b_1771358.jpg', '2015-12-19 08:00:08'),
('0212536356805', '00120151225363540', 'assets/images/acs-bio97.pdf', '2015-12-02 05:36:35'),
('021282029123771', '0012015112820291215', 'assets/images/Book1.xlsx', '2015-11-28 08:29:12'),
('02129149234697', '001201511291492346', 'assets/images/Grammar.pdf', '2015-11-29 01:49:24'),
('0212915515125', '00120151129155189', 'assets/images/Grammar.txt', '2015-11-29 01:55:02'),
('0212973405659', '00120151129734029', 'assets/images/Grammar.txt', '2015-11-29 07:03:40'),
('02152230297230', '0012015122893861', 'assets/images/jbptunikompp-gdl-s1-2006-berthakris-3027-bab-ii.doc', '2015-12-05 10:30:29'),
('0215223048507', '0012015122893861', 'assets/images/2015-26-10-Daftar-Judul-dan-Topik-PA-dari-Dosen.xlsx', '2015-12-05 10:30:06'),
('0216132537773', '001201512115314558', 'assets/images/6810020_20151008070051.jpg', '2015-12-06 01:02:54'),
('02161336311262', '00120151225363540', 'assets/images/jbptunikompp-gdl-ranisusant-18521-8-pertemua-).pdf', '2015-12-06 01:36:32'),
('02161336585405', '00120151129734029', 'assets/images/MakalahStrukdis0910-025.pdf', '2015-12-06 01:36:58'),
('0216133773506', '00120151129734029', 'assets/images/BAB_II.pdf', '2015-12-06 01:37:07'),
('02161341546582', '00120151225363540', 'assets/images/jurnal_14825.pdf', '2015-12-06 01:41:54'),
('02161342556747', '0012015122893861', 'assets/images/BAB_II.pdf', '2015-12-06 01:42:55'),
('0216137289609', '001201512115314558', 'assets/images/118309_60954.pdf', '2015-12-06 01:07:28');

-- --------------------------------------------------------

--
-- Table structure for table `prodi`
--

CREATE TABLE IF NOT EXISTS `prodi` (
  `id_prodi` varchar(10) NOT NULL,
  `inisial_prodi` varchar(10) NOT NULL,
  `nama_prodi` varchar(50) NOT NULL,
  `fakultas` varchar(50) NOT NULL
) ENGINE=InnoDB DEFAULT CHARSET=latin1;

--
-- Dumping data for table `prodi`
--

INSERT INTO `prodi` (`id_prodi`, `inisial_prodi`, `nama_prodi`, `fakultas`) VALUES
('0000', 'system', 'system', 'system'),
('1103', 'IF', 'Informatika', 'School of Computing');

-- --------------------------------------------------------

--
-- Table structure for table `schedule`
--

CREATE TABLE IF NOT EXISTS `schedule` (
  `id_schedule` varchar(100) NOT NULL,
  `id_anggota` varchar(100) NOT NULL,
  `judul` varchar(50) NOT NULL,
  `deskripsi` text NOT NULL,
  `tanggal_mulai` datetime NOT NULL,
  `tanggal_selesai` datetime NOT NULL
) ENGINE=InnoDB DEFAULT CHARSET=latin1;

--
-- Dumping data for table `schedule`
--

INSERT INTO `schedule` (`id_schedule`, `id_anggota`, `judul`, `deskripsi`, `tanggal_mulai`, `tanggal_selesai`) VALUES
('0252015120416580831', '2015112514131259970213153978', 'Hello World!', 'Hello World!', '2015-12-04 00:00:00', '2015-12-12 00:00:00'),
('0252015120416580874', '2015112008055722240220384406', 'Hello World!', 'Hello World!', '2015-12-04 00:00:00', '2015-12-12 00:00:00'),
('0252015120416580920', '2015112713545025661236344140', 'Hello World!', 'Hello World!', '2015-12-04 00:00:00', '2015-12-12 00:00:00'),
('0252015120416592895', '2015112514131259970213153978', 'Hello 3', 'Hello 3', '2015-12-18 00:00:00', '2015-12-19 00:00:00'),
('0252015120417034621', '2015112008055722240220384406', 'Hello 10', 'Hello 10', '2015-12-13 08:00:00', '2015-12-13 10:00:00'),
('0252015120417190344', '2015112514131259970213153978', 'Hello 20', 'Hello 20', '2015-12-05 20:00:00', '2015-12-05 22:00:00'),
('0252015120417285174', '2015112008055722240220384406', 'Hello 8', 'Hello 8', '2015-12-07 08:00:00', '2015-12-12 00:00:00'),
('0252015120421002422', '2015112319035198021016441149', 'Hello Student!', 'Hello Student!', '2015-12-05 09:00:00', '2015-12-05 11:00:00'),
('0252015120421002430', '2015112008055722240220388417', 'Hello Tiny', 'Hello Tiny', '2015-12-05 09:00:00', '2015-12-05 11:00:00'),
('0252015120421002512', '2015112514131259970213156681', 'Hello World!', 'Hello World!', '2015-12-05 09:00:00', '2015-12-05 11:00:00'),
('0252015120421002535', '2015112718045418931223441848', 'Hello World!', 'Hello World!', '2015-12-05 09:00:00', '2015-12-05 11:00:00'),
('0252015121218391164', '2015112008055722240220384406', 'Malam minggu Miko', 'Malam minggu Miko', '2015-12-12 20:00:00', '2015-12-12 21:00:00'),
('0252015121423114470', '2015112008055722240220384406', 'Rapat', '', '2015-12-15 00:00:00', '2015-12-14 00:00:00'),
('0252015121423120516', '2015112008055722240220384406', 'Rapat', 'Rapat', '2015-12-15 00:00:00', '2015-12-19 00:00:00'),
('0252015121423135942', '2015112008055722240220384406', 'Rapat 2', 'Rapat', '2015-12-15 00:00:00', '2015-12-19 00:00:00'),
('0252015121423155393', '2015112008055722240220384406', 'Test', 'Test', '2015-12-14 00:00:00', '2015-12-14 00:00:00'),
('0252015121423185266', '2015112008055722240220384406', 'Test', 'Test', '2015-12-23 00:00:00', '2015-12-25 00:00:00'),
('0252015121423260074', '2015112008055722240220384406', 'Rawr', 'Rawr', '2015-12-17 00:00:00', '2015-12-18 00:00:00'),
('0252015121423300096', '2015112008055722240220384406', 'hhhh', 'hhhh', '2015-12-21 00:00:00', '2015-12-23 00:00:00'),
('0252015121423302880', '2015112008055722240220384406', 'cccc dfsdd', 'hdg sdfdg', '2015-12-29 00:00:00', '2015-12-31 00:00:00'),
('0252015121423321339', '2015112514131259970213153978', 'la la la', 'la la la', '2015-12-14 00:00:00', '2015-12-16 00:00:00'),
('0252015121423354345', '2015112008055722240220384406', 'fh dff', 'dfgb dfbf', '2015-12-25 00:00:00', '2015-12-28 00:00:00'),
('0252015121423465561', '2015112008055722240220384406', 'YYY HHH', 'tt dghjhkhjh', '2015-12-23 00:00:00', '2015-12-26 00:00:00'),
('0252015121423472586', '2015112008055722240220384406', 'ddd dddd', 'ddd', '2015-12-15 00:00:00', '2015-12-19 00:00:00'),
('0252015121423513597', '2015112008055722240220384406', 'yyyy  gggg', 'yyyy gggg', '2015-12-17 00:00:00', '2015-12-20 00:00:00'),
('0252015121423541318', '2015112008055722240220384406', 'yyyyy', 'yyyyy', '2015-12-15 00:00:00', '2015-12-18 00:00:00'),
('0252015121423554952', '2015112008055722240220384406', 'Teeeee', 'Teeeee', '2015-12-15 00:00:00', '2015-12-18 00:00:00'),
('0252015121423571210', '2015112008055722240220384406', 'Teeee', 'Teeeee', '2015-12-15 00:00:00', '2015-12-18 00:00:00'),
('0252015121423575483', '2015112008055722240220384406', 'Holiday', 'Holiday', '2015-12-18 00:00:00', '2015-12-30 00:00:00'),
('0252015121423581744', '2015112008055722240220384406', 'teeeuyy', 'teeeuyy', '2015-12-15 00:00:00', '2015-12-18 00:00:00'),
('0252015121423590580', '2015112008055722240220384406', 'teeeuyy', 'teeeuyy', '2015-12-15 00:00:00', '2015-12-17 00:00:00'),
('0252015121500324456', '2015112008055722240220384406', 'Masterpiece', 'Masterpiece', '2015-12-16 00:00:00', '2015-12-19 00:00:00'),
('0252015121500451992', '2015112008055722240220384406', 'Test 777', 'Test 777', '2015-12-16 00:00:00', '2015-12-19 00:00:00'),
('0252015121500510397', '2015112008055722240220384406', 'metafora', 'metafora', '2015-12-25 00:00:00', '2015-12-27 00:00:00'),
('0252015121500531420', '2015112008055722240220384406', 'zxc', 'sdfv', '2015-12-15 00:00:00', '2015-12-15 00:00:00'),
('0252015121501073777', '2015112008055722240220384406', 'TTTTTTTTT', 'TTTTTTTTTT', '2015-12-16 00:00:00', '2015-12-20 00:00:00'),
('0252015121501184022', '2015112008055722240220384406', 'Yeah!', 'Yeah!', '2015-12-16 00:00:00', '2015-12-19 00:00:00'),
('0252015121508575798', '2015112008055722240220384406', 'THR', 'THR', '2015-12-29 00:00:00', '2015-12-31 00:00:00'),
('0252015121508585315', '2015112008055722240220384406', 'Happy New Year', 'Happy New Year', '2015-12-23 00:00:00', '2015-12-31 00:00:00'),
('0252015121509001015', '2015112008055722240220384406', 'Meto', 'Meto', '2015-12-28 00:00:00', '2015-12-30 00:00:00'),
('0252015121509405767', '2015112008055722240220384406', 'Ketemu Rafi Ahmad', 'Ketemu Rafi Ahmad', '2015-12-16 00:00:00', '2015-12-31 00:00:00'),
('0252015121509414494', '2015112008055722240220384406', 'Alright!', 'Alright!', '2015-12-15 00:00:00', '2015-12-18 00:00:00'),
('0252015121519531060', '2015112008055722240220384406', 'RRR WWW', 'RRR WWW', '2015-12-27 00:00:00', '2015-12-31 00:00:00'),
('0252015121519531234', '2015112514131259970213153978', 'RRR WWW', 'RRR WWW', '2015-12-27 00:00:00', '2015-12-31 00:00:00'),
('0252015121519531367', '2015112713545025661236344140', 'RRR WWW', 'RRR WWW', '2015-12-27 00:00:00', '2015-12-31 00:00:00'),
('0252015121519531481', '2015112718045418930824417209', 'RRR WWW', 'RRR WWW', '2015-12-27 00:00:00', '2015-12-31 00:00:00'),
('0252015121810501224', '2015112008055722240220384406', 'd', 'd', '2015-12-18 00:00:00', '2015-12-20 00:00:00'),
('0252015121810505258', '2015112319035198020801037009', 's', 's', '2015-12-18 00:00:00', '2015-12-20 00:00:00'),
('0252015121810570687', '2015112008055722240220384406', 'sd', 'sdsd', '2015-12-18 00:00:00', '2015-12-20 00:00:00'),
('0252015121813035592', '2015121704453996111046386328', 'Syndicate', 'Syndicate', '2015-12-18 00:00:00', '2015-12-21 00:00:00'),
('0252015121813035714', '2015112008055722240220384406', 'Syndicate', 'Syndicate', '2015-12-18 00:00:00', '2015-12-21 00:00:00'),
('0252015121813261675', '2015121704453996111046386328', 'Holiday', 'Holiday', '2015-12-21 00:00:00', '2015-12-24 00:00:00'),
('0252015121813291297', '2015121704453996111046386328', 'Hello World!', 'Holiday', '2015-12-18 00:00:00', '2015-12-22 00:00:00'),
('0252015121813352762', '2015121704453996111046386328', 'Rawr', 'Rawr', '2015-12-24 00:00:00', '2015-12-25 00:00:00');

-- --------------------------------------------------------

--
-- Table structure for table `user`
--

CREATE TABLE IF NOT EXISTS `user` (
  `id_user` varchar(15) NOT NULL,
  `username` varchar(15) NOT NULL,
  `password` text NOT NULL,
  `nama` varchar(50) NOT NULL,
  `tempat_lahir` varchar(50) NOT NULL,
  `tanggal_lahir` date NOT NULL,
  `telp` varchar(15) NOT NULL,
  `email` varchar(50) NOT NULL,
  `src_image` varchar(100) DEFAULT NULL,
  `id_prodi` varchar(10) NOT NULL,
  `id_jenis_user` varchar(5) NOT NULL
) ENGINE=InnoDB DEFAULT CHARSET=latin1;

--
-- Dumping data for table `user`
--

INSERT INTO `user` (`id_user`, `username`, `password`, `nama`, `tempat_lahir`, `tanggal_lahir`, `telp`, `email`, `src_image`, `id_prodi`, `id_jenis_user`) VALUES
('1103138505', '1103138505', '3bb9bb0998252eee4f6c5dcc17723c21', 'Ahmad Yulia Rizqy Fahmi', 'Pemalang', '1992-07-26', '085742926207', 'rizqyfahmi@gmail.com', 'assets/images/1103138505.png', '1103', '22555'),
('1103139495', '1103139495', 'b3bc1e39eb2c632bddadac844b97ebaa', 'Feronicha Tarigan', 'Medan', '1990-08-04', '086726576534', 'ika@gmail.com', NULL, '1103', '22555'),
('1103139496', '1103139496', 'd99b2bef295ec90af1431d638cb8365a', 'Adi Nuratmojdo', 'Tegal', '1991-05-04', '086726576578', 'adi@gmail.com', NULL, '1103', '22555'),
('1103139498', '1103139498', '282fdc6e8436ba3e8cba8a81950d6a8d', 'Tansa Trisna', 'Medan', '1992-06-05', '081657467389', 'tansa.trisna@gmail.com', 'assets/images/1103139498.png', '1103', '22555'),
('1103139500', '1103139500', '7b04ad1aad503db8cbded219962bbe04', 'Febri Krisna', 'Jakarta', '1992-05-04', '081657467389', 'febrigaul@gmail.com', 'assets/images/1103139500.png', '1103', '22555'),
('1103139501', '1103139501', '736bb80b4ac0d5beb908c681d1a149e1', 'Arief Budiman', 'Surabaya', '1992-08-04', '081657467389', 'arief@gmail.com', 'assets/images/1103139501.jpg', '1103', '22555'),
('1103139507', '1103139507', '766af5f20410491d42110dd78d4ffce1', 'Itsna Alfin Nur', 'Demak', '1993-05-04', '086726576578', 'itnaalfinnur@gmail.com', 'assets/images/1103139507.png', '1103', '22555'),
('1103139508', '1103139508', 'e10adc3949ba59abbe56e057f20f883e', 'Siti Nur Laila', 'Bogor', '1990-09-15', '081657467389', 'sitinurlaila41@gmail.com', 'assets/images/1103139508.png', '1103', '11333'),
('1103139510', '1103139510', '7b04ad1aad503db8cbded219962bbe04', 'Novi Adrianti', 'Jakarta', '1992-05-04', '081657467389', 'noviadrianti@gmail.com', NULL, '1103', '22555'),
('1103139515', '1103139515', 'd8af0c78927825e1a46f74995d1c39e0', 'Christian Wahyu P.', 'Malang', '1992-07-19', '098767523456', 'christianwaktu@gmail.com', 'assets/images/1103139515.png', '1103', '11333'),
('1103139517', '1103139517', 'd60f9820060401b91e5de1be26c5bc62', 'Dewa Adi', 'Bali', '1992-04-23', '081657466399', 'dewaadi@gmail.com', NULL, '1103', '11333'),
('1103139518', '1103139518', 'cc4f28874743e0814db9304ac52a7ca3', 'Muhammad Azmy', 'Tegal', '1992-08-19', '085732234652', 'muhammadazmy@gmail.com', 'assets/images/1103139518.png', '1103', '22555'),
('1103139519', '1103139519', 'bc0da8c3a519179cfec340844b596f3c', 'Natasha Mulyono', 'Jakarta', '1992-05-08', '081657467334', 'natashamulyono@gmail.com', NULL, '1103', '22555'),
('1103139525', '1103139525', '170b3e37aca2fe04b478584100bfe04b', 'Dian Masmawati', 'Bandung', '1992-05-31', '086726576588', 'dianmasmawati@gmail.com', NULL, '1103', '22555'),
('1103139527', '1103139527', 'cbdca7a02eca5e81aa8ff9065769318b', 'Hendra Lesmana', 'Kediri', '1992-01-11', '086726576578', 'hendra@gmail.com', 'assets/images/1103139527.png', '1103', '22555'),
('1103139538', '1103139538', '7b04ad1aad503db8cbded219962bbe04', 'Ahmad Nasrullah', 'Medan', '1992-05-04', '098767523456', 'aan@gmail.com', NULL, '1103', '22555'),
('system', 'system', 'cf4ef01f1e9adbfce40b2ce4d0a0fd51', 'Admin', 'System', '2015-11-18', '00000000000', 'admin@system.com', NULL, '0000', '00000');

--
-- Indexes for dumped tables
--

--
-- Indexes for table `anggota`
--
ALTER TABLE `anggota`
  ADD PRIMARY KEY (`id_anggota`);

--
-- Indexes for table `anggota_chat`
--
ALTER TABLE `anggota_chat`
  ADD PRIMARY KEY (`id_anggota_chat`);

--
-- Indexes for table `anggota_post`
--
ALTER TABLE `anggota_post`
  ADD PRIMARY KEY (`id_anggota_post`);

--
-- Indexes for table `chat`
--
ALTER TABLE `chat`
  ADD PRIMARY KEY (`id_chat`);

--
-- Indexes for table `comment_post`
--
ALTER TABLE `comment_post`
  ADD PRIMARY KEY (`id_comment_post`),
  ADD KEY `id_anggota` (`id_anggota`),
  ADD KEY `id_post` (`id_post`);

--
-- Indexes for table `content_chat`
--
ALTER TABLE `content_chat`
  ADD PRIMARY KEY (`id_content_chat`);

--
-- Indexes for table `content_notification`
--
ALTER TABLE `content_notification`
  ADD PRIMARY KEY (`id_content_notification`);

--
-- Indexes for table `grup`
--
ALTER TABLE `grup`
  ADD PRIMARY KEY (`id_grup`);

--
-- Indexes for table `jenis_anggota`
--
ALTER TABLE `jenis_anggota`
  ADD PRIMARY KEY (`id_jenis_anggota`);

--
-- Indexes for table `jenis_post`
--
ALTER TABLE `jenis_post`
  ADD PRIMARY KEY (`id_jenis_post`);

--
-- Indexes for table `jenis_user`
--
ALTER TABLE `jenis_user`
  ADD PRIMARY KEY (`id_jenis_user`);

--
-- Indexes for table `notifikasi`
--
ALTER TABLE `notifikasi`
  ADD PRIMARY KEY (`id_notifikasi`);

--
-- Indexes for table `notifikasi_chat`
--
ALTER TABLE `notifikasi_chat`
  ADD PRIMARY KEY (`id_notifikasi_chat`);

--
-- Indexes for table `notifikasi_target`
--
ALTER TABLE `notifikasi_target`
  ADD PRIMARY KEY (`id_notifikasi_target`);

--
-- Indexes for table `post`
--
ALTER TABLE `post`
  ADD PRIMARY KEY (`id_post`);

--
-- Indexes for table `post_file`
--
ALTER TABLE `post_file`
  ADD PRIMARY KEY (`id_post_file`),
  ADD KEY `id_post` (`id_post`);

--
-- Indexes for table `prodi`
--
ALTER TABLE `prodi`
  ADD PRIMARY KEY (`id_prodi`);

--
-- Indexes for table `schedule`
--
ALTER TABLE `schedule`
  ADD PRIMARY KEY (`id_schedule`);

--
-- Indexes for table `user`
--
ALTER TABLE `user`
  ADD PRIMARY KEY (`id_user`);

--
-- Constraints for dumped tables
--

--
-- Constraints for table `comment_post`
--
ALTER TABLE `comment_post`
  ADD CONSTRAINT `comment_post_ibfk_1` FOREIGN KEY (`id_post`) REFERENCES `post` (`id_post`) ON DELETE CASCADE ON UPDATE CASCADE;

--
-- Constraints for table `post_file`
--
ALTER TABLE `post_file`
  ADD CONSTRAINT `post_file_ibfk_1` FOREIGN KEY (`id_post`) REFERENCES `post` (`id_post`) ON DELETE CASCADE ON UPDATE CASCADE;

/*!40101 SET CHARACTER_SET_CLIENT=@OLD_CHARACTER_SET_CLIENT */;
/*!40101 SET CHARACTER_SET_RESULTS=@OLD_CHARACTER_SET_RESULTS */;
/*!40101 SET COLLATION_CONNECTION=@OLD_COLLATION_CONNECTION */;
